2017-09-01,AADR,1675000.0,53.07,1308750.0
2017-09-01,AAXJ,58600000.0,72.01,0.0
2017-09-01,ACIM,1200000.0,73.78,0.0
2017-09-01,ACSI,1275000.0,28.91,0.0
2017-09-01,ACTX,100000.0,15.49,0.0
2017-09-01,ACWF,850000.0,28.08,0.0
2017-09-01,ACWI,112200000.0,67.66,0.0
2017-09-01,ACWV,45300000.0,81.13,0.0
2017-09-01,ACWX,56400000.0,47.49,0.0
2017-09-01,ADRA,700000.0,32.89,0.0
2017-09-01,ADRD,2800000.0,22.31,0.0
2017-09-01,ADRE,3700000.0,42.75,0.0
2017-09-01,ADRU,650000.0,21.88,0.0
2017-09-01,AFK,3150000.0,24.09,0.0
2017-09-01,AFTY,355882.0,17.07,0.0
2017-09-01,AGG,455300000.0,109.93,33105000.0
2017-09-01,AGGE,3750001.0,19.71,0.0
2017-09-01,AGGP,13950001.0,20.16,0.0
2017-09-01,AGGY,3300000.0,50.84,0.0
2017-09-01,AGND,400000.0,42.99,0.0
2017-09-01,AGQ,7396526.0,36.87,0.0
2017-09-01,AGZ,4250000.0,113.92,0.0
2017-09-01,AGZD,500000.0,47.9,0.0
2017-09-01,AIA,7700000.0,60.9,0.0
2017-09-01,AIRR,6650002.0,23.64,0.0
2017-09-01,ALD,500000.0,45.74,0.0
2017-09-01,ALFA,650000.0,41.32,0.0
2017-09-01,ALFI,150000.0,24.04,0.0
2017-09-01,ALTS,370001.0,38.88,0.0
2017-09-01,ALTY,650000.0,15.56,0.0
2017-09-01,AMCA,100000.0,24.5,0.0
2017-09-01,AMLX,150000.0,13.33,0.0
2017-09-01,AMU,20448686.0,17.77,0.0
2017-09-01,AMUB,1500000.0,17.77,0.0
2017-09-01,AMZA,52450004.0,9.28,0.0
2017-09-01,AND,650000.0,9.77,0.0
2017-09-01,ANGL,33050000.0,29.8,4485000.0
2017-09-01,AOA,13350000.0,52.78,0.0
2017-09-01,AOK,12050000.0,34.36,0.0
2017-09-01,AOM,19700000.0,37.72,0.0
2017-09-01,AOR,23850000.0,44.34,0.0
2017-09-01,ARGT,5124975.0,30.04,-2974000.0
2017-09-01,ARKG,1105000.0,25.32,0.0
2017-09-01,ARKK,3550000.0,33.63,0.0
2017-09-01,ARKQ,2250000.0,30.29,0.0
2017-09-01,ARKW,2100000.0,40.36,0.0
2017-09-01,ASEA,900000.0,15.49,0.0
2017-09-01,ASET,175001.0,28.17,0.0
2017-09-01,ASHR,19500001.0,29.36,0.0
2017-09-01,ASHS,650001.0,35.82,0.0
2017-09-01,ASHX,150001.0,21.66,0.0
2017-09-01,AUSE,650000.0,57.8,0.0
2017-09-01,AXJL,650000.0,68.77,0.0
2017-09-01,AXJV,200000.0,34.88,0.0
2017-09-01,BAB,31850000.0,30.54,-15305000.0
2017-09-01,BAR,20000.0,132.04,0.0
2017-09-01,BBC,1000004.0,27.78,0.0
2017-09-01,BBH,5296503.0,136.04,0.0
2017-09-01,BBP,1000004.0,41.31,0.0
2017-09-01,BBRC,4200000.0,18.37,0.0
2017-09-01,BDCL,14460000.0,17.22,0.0
2017-09-01,BDCS,4160000.0,21.29,0.0
2017-09-01,BDCZ,1500000.0,21.29,0.0
2017-09-01,BEMO,1150000.0,28.32,0.0
2017-09-01,BFIT,150000.0,15.91,0.0
2017-09-01,BIB,8300000.0,62.12,6215000.0
2017-09-01,BICK,6650002.0,28.74,0.0
2017-09-01,BIL,39400461.0,45.71,0.0
2017-09-01,BIS,2034998.0,20.35,1017500.0
2017-09-01,BIV,169854060.0,85.07,68360000.0
2017-09-01,BIZD,10850000.0,17.3,0.0
2017-09-01,BJK,550000.0,41.25,0.0
2017-09-01,BKF,6200000.0,42.38,0.0
2017-09-01,BKLN,383000000.0,23.13,0.0
2017-09-01,BLHY,4604000.0,25.11,0.0
2017-09-01,BLV,24400000.0,93.77,0.0
2017-09-01,BMLA,100000.0,34.31,0.0
2017-09-01,BND,432223018.0,82.13,32984000.0
2017-09-01,BNDC,100001.0,25.16,0.0
2017-09-01,BNDS,18700132.0,57.9,0.0
2017-09-01,BNDX,146998349.0,54.62,17803500.0
2017-09-01,BNO,6950000.0,14.04,0.0
2017-09-01,BOIL,5092169.0,9.58,-3748000.0
2017-09-01,BOND,19630000.0,106.9,0.0
2017-09-01,BOSS,200000.0,16.29,0.0
2017-09-01,BOTZ,18600000.0,20.55,1031000.0
2017-09-01,BRAQ,400000.0,17.03,0.0
2017-09-01,BRAZ,450000.0,11.36,0.0
2017-09-01,BRF,4550000.0,23.92,1183500.0
2017-09-01,BRZU,2803728.0,42.94,-2054000.0
2017-09-01,BSCH,27900000.0,22.62,0.0
2017-09-01,BSCI,49500000.0,21.18,0.0
2017-09-01,BSCJ,47400000.0,21.2,0.0
2017-09-01,BSCK,47700000.0,21.47,0.0
2017-09-01,BSCL,35550000.0,21.33,0.0
2017-09-01,BSCM,27900000.0,21.38,0.0
2017-09-01,BSCN,10500000.0,21.05,0.0
2017-09-01,BSCO,8550000.0,20.97,0.0
2017-09-01,BSCP,3900000.0,20.77,0.0
2017-09-01,BSCQ,1800000.0,19.78,0.0
2017-09-01,BSJH,17900000.0,25.74,0.0
2017-09-01,BSJI,43400000.0,25.29,0.0
2017-09-01,BSJJ,34400000.0,24.56,0.0
2017-09-01,BSJK,22800000.0,24.72,0.0
2017-09-01,BSJL,8600000.0,25.01,0.0
2017-09-01,BSJM,5500000.0,25.21,0.0
2017-09-01,BSJN,1600000.0,26.64,0.0
2017-09-01,BSJO,900000.0,25.65,0.0
2017-09-01,BSV,281512541.0,79.96,0.0
2017-09-01,BSWN,1129900.0,18.75,0.0
2017-09-01,BTEC,250001.0,30.29,0.0
2017-09-01,BVAL,100000.0,14.92,0.0
2017-09-01,BWX,59300038.0,28.56,0.0
2017-09-01,BWZ,6600000.0,32.21,0.0
2017-09-01,BYLD,850000.0,25.2,0.0
2017-09-01,BZF,1200000.0,19.04,0.0
2017-09-01,BZQ,2524902.0,9.81,0.0
2017-09-01,CACG,1350000.0,25.96,1296500.0
2017-09-01,CALF,150000.0,23.6,0.0
2017-09-01,CANE,775004.0,9.69,0.0
2017-09-01,CARZ,450002.0,37.83,0.0
2017-09-01,CATH,3400000.0,30.49,0.0
2017-09-01,CBND,800000.0,32.43,0.0
2017-09-01,CBON,200000.0,23.17,0.0
2017-09-01,CCOR,4300002.0,25.06,0.0
2017-09-01,CDC,11600000.0,43.89,0.0
2017-09-01,CDL,2850000.0,42.74,0.0
2017-09-01,CEFL,14845000.0,18.42,0.0
2017-09-01,CEFS,800001.0,21.08,0.0
2017-09-01,CEMB,1550000.0,51.24,0.0
2017-09-01,CEW,2600000.0,19.21,0.0
2017-09-01,CEZ,1250000.0,29.32,0.0
2017-09-01,CFA,7600000.0,44.65,0.0
2017-09-01,CFO,10750000.0,44.6,2230500.0
2017-09-01,CGW,18280000.0,33.47,0.0
2017-09-01,CHAD,2100000.0,33.04,0.0
2017-09-01,CHAU,2450000.0,27.08,0.0
2017-09-01,CHIE,150000.0,11.29,0.0
2017-09-01,CHII,250000.0,15.42,0.0
2017-09-01,CHIM,149971.0,20.83,0.0
2017-09-01,CHIQ,7200000.0,16.12,12760000.0
2017-09-01,CHIX,2850000.0,17.22,0.0
2017-09-01,CIBR,13850002.0,21.67,0.0
2017-09-01,CID,1000000.0,35.41,0.0
2017-09-01,CIL,400000.0,38.63,0.0
2017-09-01,CIU,66350000.0,110.18,0.0
2017-09-01,CIZ,2900000.0,33.39,0.0
2017-09-01,CJNK,1700000.0,26.53,0.0
2017-09-01,CLAW,100000.0,14.74,0.0
2017-09-01,CLTL,4280001.0,105.79,0.0
2017-09-01,CLY,13200000.0,61.8,0.0
2017-09-01,CLYH,600000.0,25.28,0.0
2017-09-01,CMBS,4650000.0,51.93,0.0
2017-09-01,CMDT,650000.0,35.98,0.0
2017-09-01,CMF,6700000.0,118.77,0.0
2017-09-01,CN,300001.0,35.17,0.0
2017-09-01,CNCR,1600000.0,25.98,0.0
2017-09-01,CNDA,600000.0,18.25,0.0
2017-09-01,CNDF,100000.0,27.68,0.0
2017-09-01,CNHX,50002.0,28.69,0.0
2017-09-01,CNSF,100000.0,25.17,0.0
2017-09-01,CNXT,650000.0,34.3,0.0
2017-09-01,CNYA,350000.0,30.62,0.0
2017-09-01,COBO,65001.0,101.14,0.0
2017-09-01,COM,500001.0,23.88,0.0
2017-09-01,COMB,202000.0,25.2,0.0
2017-09-01,COMG,102000.0,24.56,0.0
2017-09-01,COMT,5900000.0,34.16,0.0
2017-09-01,COPX,1999374.0,26.97,0.0
2017-09-01,CORN,3775004.0,17.58,0.0
2017-09-01,CORP,7580000.0,105.46,0.0
2017-09-01,COWZ,450000.0,26.51,0.0
2017-09-01,CPER,450000.0,20.02,0.0
2017-09-01,CPI,1050000.0,27.51,0.0
2017-09-01,CQQQ,3800000.0,55.48,0.0
2017-09-01,CRAK,200000.0,25.8,0.0
2017-09-01,CRBN,4000000.0,110.51,0.0
2017-09-01,CRDT,125000.0,0.0,0.0
2017-09-01,CRED,13700000.0,111.99,0.0
2017-09-01,CROC,200000.0,44.29,0.0
2017-09-01,CROP,350000.0,34.51,0.0
2017-09-01,CSA,700000.0,41.76,0.0
2017-09-01,CSB,900000.0,40.19,0.0
2017-09-01,CSD,3950000.0,49.68,0.0
2017-09-01,CSF,1500000.0,40.78,0.0
2017-09-01,CSJ,111200000.0,105.29,0.0
2017-09-01,CSM,10500000.0,61.54,0.0
2017-09-01,CSML,6850001.0,24.93,0.0
2017-09-01,CUMB,900004.0,25.87,0.0
2017-09-01,CURE,3650008.0,44.34,0.0
2017-09-01,CUT,6850000.0,29.28,0.0
2017-09-01,CVY,16400800.0,21.22,0.0
2017-09-01,CWAI,300000.0,25.32,0.0
2017-09-01,CWB,81300000.0,50.84,0.0
2017-09-01,CWEB,1200001.0,49.93,7366500.0
2017-09-01,CWI,38400000.0,37.11,14780000.0
2017-09-01,CWS,425000.0,28.23,0.0
2017-09-01,CXSE,425000.0,75.29,0.0
2017-09-01,CYB,1500000.0,25.62,0.0
2017-09-01,CZA,3300000.0,61.8,0.0
2017-09-01,DAX,450000.0,29.27,0.0
2017-09-01,DBA,36800040.0,18.59,0.0
2017-09-01,DBAP,150001.0,27.75,0.0
2017-09-01,DBAW,4250001.0,26.38,0.0
2017-09-01,DBB,16400040.0,18.55,0.0
2017-09-01,DBBR,400800.0,11.44,0.0
2017-09-01,DBC,123200040.0,15.11,0.0
2017-09-01,DBE,10200040.0,12.32,0.0
2017-09-01,DBEF,228950800.0,30.16,0.0
2017-09-01,DBEM,9150800.0,23.2,0.0
2017-09-01,DBES,100001.0,28.02,0.0
2017-09-01,DBEU,87700001.0,27.55,0.0
2017-09-01,DBEZ,2000001.0,29.18,0.0
2017-09-01,DBGR,1850800.0,26.37,0.0
2017-09-01,DBIT,100001.0,23.13,0.0
2017-09-01,DBJP,45250800.0,38.82,0.0
2017-09-01,DBKO,1000001.0,29.43,0.0
2017-09-01,DBMX,150001.0,21.37,0.0
2017-09-01,DBO,44600040.0,8.36,0.0
2017-09-01,DBP,4400040.0,39.51,0.0
2017-09-01,DBS,800040.0,27.33,0.0
2017-09-01,DBSE,100001.0,23.6,0.0
2017-09-01,DBUK,150001.0,21.81,0.0
2017-09-01,DBV,1800040.0,23.91,0.0
2017-09-01,DDBI,400000.0,28.48,0.0
2017-09-01,DDEZ,100004.0,30.44,0.0
2017-09-01,DDG,125000.0,26.85,0.0
2017-09-01,DDJP,100004.0,27.8,0.0
2017-09-01,DDLS,100004.0,31.25,0.0
2017-09-01,DDM,3300000.0,104.34,5198500.0
2017-09-01,DDWM,15950004.0,29.04,0.0
2017-09-01,DEEF,550001.0,28.18,0.0
2017-09-01,DEF,4050000.0,43.24,0.0
2017-09-01,DEFA,100000.0,27.52,0.0
2017-09-01,DEM,43400000.0,44.33,0.0
2017-09-01,DEMG,450001.0,29.09,0.0
2017-09-01,DES,23850000.0,79.73,-7912000.0
2017-09-01,DESC,150001.0,31.16,0.0
2017-09-01,DEUS,3400001.0,29.47,0.0
2017-09-01,DEW,2100000.0,46.26,0.0
2017-09-01,DEWJ,200000.0,26.48,0.0
2017-09-01,DEZU,100000.0,27.81,0.0
2017-09-01,DFE,15700000.0,67.62,0.0
2017-09-01,DFEN,600001.0,33.73,0.0
2017-09-01,DFJ,7700000.0,73.36,0.0
2017-09-01,DFND,100000.0,25.47,0.0
2017-09-01,DFNL,3550000.0,21.49,0.0
2017-09-01,DGAZ,5900000.0,22.45,37024000.0
2017-09-01,DGL,3800040.0,42.19,0.0
2017-09-01,DGLD,329010.0,41.65,0.0
2017-09-01,DGRE,2300000.0,25.91,0.0
2017-09-01,DGRO,62600000.0,31.86,0.0
2017-09-01,DGRS,2950000.0,32.34,0.0
2017-09-01,DGRW,43600000.0,37.34,3736000.0
2017-09-01,DGS,26200000.0,49.36,0.0
2017-09-01,DGT,1150464.0,79.22,0.0
2017-09-01,DHDG,100005.0,23.97,0.0
2017-09-01,DHS,17850000.0,68.78,-3427500.0
2017-09-01,DHVW,600000.0,29.34,0.0
2017-09-01,DI,860000.0,0.0,0.0
2017-09-01,DIA,80542867.0,219.99,-43904000.0
2017-09-01,DIG,4125000.0,30.05,0.0
2017-09-01,DIM,3550000.0,65.69,0.0
2017-09-01,DIV,16650000.0,25.28,0.0
2017-09-01,DIVO,400000.0,26.64,0.0
2017-09-01,DIVY,2079348.0,25.84,0.0
2017-09-01,DJCI,4848680.0,15.44,0.0
2017-09-01,DJD,350000.0,31.15,0.0
2017-09-01,DLBR,200000.0,25.67,0.0
2017-09-01,DLN,22650000.0,85.42,0.0
2017-09-01,DLS,22350000.0,72.54,0.0
2017-09-01,DNL,1000000.0,56.65,0.0
2017-09-01,DNO,150000.0,71.66,0.0
2017-09-01,DOG,15650000.0,16.87,0.0
2017-09-01,DOL,8200000.0,48.63,0.0
2017-09-01,DON,29300000.0,97.61,0.0
2017-09-01,DOO,4800000.0,42.16,0.0
2017-09-01,DPK,284916.0,14.67,0.0
2017-09-01,DPST,450000.0,52.74,0.0
2017-09-01,DRIP,729803.0,24.21,1266500.0
2017-09-01,DRN,3200000.0,22.92,0.0
2017-09-01,DRV,1358309.0,10.79,-545500.0
2017-09-01,DRW,2700000.0,31.31,0.0
2017-09-01,DSI,9500000.0,91.27,0.0
2017-09-01,DSLV,1563936.0,21.42,0.0
2017-09-01,DSUM,2900000.0,23.44,0.0
2017-09-01,DTD,6850000.0,86.19,0.0
2017-09-01,DTH,7400000.0,43.01,0.0
2017-09-01,DTN,10400000.0,82.83,0.0
2017-09-01,DUG,517108.0,50.36,0.0
2017-09-01,DULL,50001.0,26.23,0.0
2017-09-01,DUSA,2800000.0,20.92,0.0
2017-09-01,DUSL,100001.0,27.06,0.0
2017-09-01,DUST,20268705.0,21.06,40299000.0
2017-09-01,DVEM,500004.0,31.97,0.0
2017-09-01,DVHL,1120000.0,21.34,0.0
2017-09-01,DVP,3400000.0,28.86,0.0
2017-09-01,DVY,182300000.0,92.48,-4621500.0
2017-09-01,DVYA,850000.0,49.39,0.0
2017-09-01,DVYE,8650000.0,43.04,6415500.0
2017-09-01,DVYL,515000.0,64.35,0.0
2017-09-01,DWAC,100002.0,24.09,0.0
2017-09-01,DWAQ,400000.0,95.77,0.0
2017-09-01,DWAS,4200000.0,44.6,0.0
2017-09-01,DWAT,700000.0,11.24,0.0
2017-09-01,DWFI,3000000.0,25.69,0.0
2017-09-01,DWIN,4200001.0,27.44,0.0
2017-09-01,DWLD,2700000.0,23.26,0.0
2017-09-01,DWLV,150001.0,29.2,0.0
2017-09-01,DWM,15100000.0,53.38,0.0
2017-09-01,DWPP,900002.0,26.44,0.0
2017-09-01,DWT,3000000.0,29.68,0.0
2017-09-01,DWTI,387707.0,60.44,0.0
2017-09-01,DWTR,2650001.0,26.36,0.0
2017-09-01,DWX,30351326.0,40.76,0.0
2017-09-01,DXD,19723767.0,11.12,0.0
2017-09-01,DXGE,3800000.0,30.11,0.0
2017-09-01,DXJ,153600000.0,52.14,-62484000.0
2017-09-01,DXJC,200000.0,24.91,0.0
2017-09-01,DXJF,950000.0,22.8,0.0
2017-09-01,DXJH,150000.0,33.33,0.0
2017-09-01,DXJR,300000.0,14.24,0.0
2017-09-01,DXJS,3400000.0,40.79,0.0
2017-09-01,DXPS,600000.0,24.49,0.0
2017-09-01,DXUS,300000.0,25.47,0.0
2017-09-01,DYB,250004.0,25.23,0.0
2017-09-01,DYLS,2000004.0,30.08,0.0
2017-09-01,DZK,400001.0,71.26,0.0
2017-09-01,EBND,4200000.0,29.97,0.0
2017-09-01,ECH,9900000.0,48.58,7195500.0
2017-09-01,ECNS,450000.0,48.76,0.0
2017-09-01,ECON,33600000.0,27.55,0.0
2017-09-01,EDBI,500000.0,32.05,0.0
2017-09-01,EDC,2231598.0,108.99,0.0
2017-09-01,EDEN,1000000.0,67.9,0.0
2017-09-01,EDIV,13800000.0,31.8,0.0
2017-09-01,EDOM,200004.0,29.47,0.0
2017-09-01,EDOW,100002.0,19.91,0.0
2017-09-01,EDV,5150000.0,119.57,0.0
2017-09-01,EDZ,9077763.0,10.98,0.0
2017-09-01,EEB,2400800.0,36.3,0.0
2017-09-01,EEHB,18000000.0,19.97,2973000.0
2017-09-01,EELV,10900000.0,25.1,0.0
2017-09-01,EEM,801900000.0,44.91,0.0
2017-09-01,EEMA,7250000.0,69.25,0.0
2017-09-01,EEMS,5150000.0,49.52,0.0
2017-09-01,EEMV,69600000.0,58.13,0.0
2017-09-01,EEMX,250000.0,66.34,0.0
2017-09-01,EES,15000000.0,32.51,0.0
2017-09-01,EET,475000.0,84.74,0.0
2017-09-01,EEV,3669744.0,9.5,0.0
2017-09-01,EFA,1178400000.0,67.0,0.0
2017-09-01,EFAD,2150001.0,37.28,0.0
2017-09-01,EFAS,100000.0,18.09,0.0
2017-09-01,EFAV,105400000.0,70.93,0.0
2017-09-01,EFAX,600000.0,69.6,0.0
2017-09-01,EFFE,200000.0,26.1,0.0
2017-09-01,EFG,41200000.0,76.14,0.0
2017-09-01,EFNL,1150000.0,39.95,0.0
2017-09-01,EFO,100000.0,119.06,0.0
2017-09-01,EFU,137428.0,25.68,0.0
2017-09-01,EFV,108000000.0,53.01,0.0
2017-09-01,EFZ,675000.0,26.95,0.0
2017-09-01,EGPT,2024974.0,27.44,0.0
2017-09-01,EIDO,18650000.0,26.89,0.0
2017-09-01,EIRL,1550000.0,44.3,0.0
2017-09-01,EIS,1850000.0,48.25,0.0
2017-09-01,ELD,6600000.0,39.09,0.0
2017-09-01,EMAG,700000.0,22.15,0.0
2017-09-01,EMB,103200000.0,116.13,69918000.0
2017-09-01,EMBH,100000.0,26.17,0.0
2017-09-01,EMCB,700000.0,72.96,0.0
2017-09-01,EMCG,1450000.0,24.98,0.0
2017-09-01,EMDV,225001.0,55.87,0.0
2017-09-01,EMFM,700000.0,23.41,0.0
2017-09-01,EMGF,1800000.0,46.24,0.0
2017-09-01,EMHY,10450000.0,50.47,0.0
2017-09-01,EMIF,1450000.0,34.03,0.0
2017-09-01,EMIH,300001.0,25.02,0.0
2017-09-01,EMLC,215600000.0,19.35,0.0
2017-09-01,EMLP,72105000.0,25.01,0.0
2017-09-01,EMQQ,7650000.0,35.78,0.0
2017-09-01,EMSD,200004.0,29.09,0.0
2017-09-01,EMSH,150001.0,77.79,3900000.0
2017-09-01,EMTL,600000.0,51.1,0.0
2017-09-01,EMXC,200000.0,51.0,0.0
2017-09-01,ENOR,1300000.0,25.26,0.0
2017-09-01,ENY,2820000.0,8.32,0.0
2017-09-01,ENZL,3800000.0,46.31,0.0
2017-09-01,EPHE,4800000.0,35.88,0.0
2017-09-01,EPI,68000000.0,26.45,0.0
2017-09-01,EPOL,13300000.0,27.38,0.0
2017-09-01,EPP,67200000.0,46.7,0.0
2017-09-01,EPRF,850002.0,24.26,0.0
2017-09-01,EPS,1650000.0,85.93,0.0
2017-09-01,EPU,4550000.0,37.97,0.0
2017-09-01,EPV,837119.0,34.37,0.0
2017-09-01,EQAL,10100001.0,28.91,0.0
2017-09-01,EQRR,375001.0,39.35,0.0
2017-09-01,ERGF,100000.0,24.11,0.0
2017-09-01,ERM,500002.0,20.58,0.0
2017-09-01,ERUS,16500000.0,32.26,0.0
2017-09-01,ERX,22850017.0,23.23,-1130500.0
2017-09-01,ERY,2937220.0,14.23,0.0
2017-09-01,ERYY,50001.0,22.42,0.0
2017-09-01,ESG,225001.0,58.06,0.0
2017-09-01,ESGD,1900000.0,64.54,0.0
2017-09-01,ESGE,1400000.0,69.33,0.0
2017-09-01,ESGG,100001.0,88.77,0.0
2017-09-01,ESGN,400040.0,29.41,0.0
2017-09-01,ESGS,200045.0,29.35,0.0
2017-09-01,ESGU,200000.0,54.24,0.0
2017-09-01,ESGW,250040.0,29.41,0.0
2017-09-01,ETHO,600000.0,31.25,0.0
2017-09-01,EUDG,1400000.0,25.93,0.0
2017-09-01,EUDV,225001.0,40.95,0.0
2017-09-01,EUFN,73950000.0,46.64,0.0
2017-09-01,EUFS,100001.0,16.97,0.0
2017-09-01,EUFX,200000.0,40.27,0.0
2017-09-01,EUM,7600000.0,19.07,0.0
2017-09-01,EUMV,1450000.0,25.08,0.0
2017-09-01,EUO,10600000.0,21.49,0.0
2017-09-01,EURL,1850001.0,33.7,0.0
2017-09-01,EUSA,2550000.0,51.51,-5130000.0
2017-09-01,EUSC,5050000.0,29.75,0.0
2017-09-01,EVIX,1000000.0,19.73,0.0
2017-09-01,EVX,200000.0,80.77,0.0
2017-09-01,EWA,78200000.0,22.75,0.0
2017-09-01,EWC,112400000.0,28.14,0.0
2017-09-01,EWD,13275000.0,34.86,0.0
2017-09-01,EWEM,400000.0,34.04,0.0
2017-09-01,EWG,155400000.0,30.9,-36852000.0
2017-09-01,EWGS,700000.0,57.5,0.0
2017-09-01,EWH,75150000.0,24.78,0.0
2017-09-01,EWI,27825000.0,30.42,0.0
2017-09-01,EWJ,292650000.0,54.54,-49113000.0
2017-09-01,EWK,3600000.0,20.66,0.0
2017-09-01,EWL,36750000.0,34.28,0.0
2017-09-01,EWM,13650000.0,32.03,0.0
2017-09-01,EWMC,1900000.0,59.02,0.0
2017-09-01,EWN,6300000.0,30.66,0.0
2017-09-01,EWO,10200000.0,23.03,0.0
2017-09-01,EWP,45450000.0,33.69,0.0
2017-09-01,EWQ,21600000.0,29.81,0.0
2017-09-01,EWRE,1000000.0,27.65,0.0
2017-09-01,EWS,24300000.0,24.71,0.0
2017-09-01,EWSC,700000.0,49.02,0.0
2017-09-01,EWT,100800000.0,37.43,0.0
2017-09-01,EWU,81900000.0,34.02,0.0
2017-09-01,EWUS,800000.0,40.18,0.0
2017-09-01,EWV,299913.0,32.52,0.0
2017-09-01,EWW,23300000.0,56.73,0.0
2017-09-01,EWX,9700000.0,49.84,0.0
2017-09-01,EWY,55500000.0,68.33,0.0
2017-09-01,EWZ,157950000.0,40.84,0.0
2017-09-01,EWZS,3850000.0,16.47,0.0
2017-09-01,EXI,2600000.0,85.68,0.0
2017-09-01,EXIV,1000000.0,32.44,0.0
2017-09-01,EXT,750000.0,87.96,0.0
2017-09-01,EYLD,450004.0,33.67,0.0
2017-09-01,EZA,6700000.0,63.04,0.0
2017-09-01,EZJ,100000.0,107.8,0.0
2017-09-01,EZM,23300000.0,35.93,0.0
2017-09-01,EZU,318500000.0,41.93,0.0
2017-09-01,EZY,600000.0,74.28,0.0
2017-09-01,FAAR,250002.0,29.79,0.0
2017-09-01,FAB,2000002.0,52.07,0.0
2017-09-01,FAD,1750002.0,59.93,0.0
2017-09-01,FALN,400000.0,27.28,0.0
2017-09-01,FAN,7100002.0,13.16,0.0
2017-09-01,FANZ,150001.0,20.48,0.0
2017-09-01,FAS,28449888.0,51.21,0.0
2017-09-01,FAZ,11532056.0,16.06,0.0
2017-09-01,FAZZ,100001.0,17.33,0.0
2017-09-01,FBGX,6221000.0,192.1,0.0
2017-09-01,FBND,5552000.0,50.44,0.0
2017-09-01,FBT,9200002.0,124.91,0.0
2017-09-01,FBZ,800002.0,17.51,0.0
2017-09-01,FCA,400002.0,27.23,0.0
2017-09-01,FCAL,200002.0,50.84,0.0
2017-09-01,FCAN,300002.0,24.38,0.0
2017-09-01,FCEF,1455000.0,21.76,0.0
2017-09-01,FCG,7798365.0,19.68,0.0
2017-09-01,FCOM,3500000.0,32.93,0.0
2017-09-01,FCOR,1250000.0,50.85,0.0
2017-09-01,FCVT,1950002.0,28.16,0.0
2017-09-01,FDD,38153334.0,13.17,0.0
2017-09-01,FDIS,8150000.0,35.63,0.0
2017-09-01,FDIV,2000002.0,51.16,0.0
2017-09-01,FDL,58350002.0,28.41,0.0
2017-09-01,FDLO,1150000.0,28.25,0.0
2017-09-01,FDM,1855000.0,43.26,0.0
2017-09-01,FDMO,1250000.0,28.59,0.0
2017-09-01,FDN,46050002.0,100.52,0.0
2017-09-01,FDRR,5450000.0,28.6,0.0
2017-09-01,FDT,9902000.0,57.65,0.0
2017-09-01,FDTS,200002.0,40.55,0.0
2017-09-01,FDVV,2200000.0,26.84,0.0
2017-09-01,FEM,13850002.0,26.77,0.0
2017-09-01,FEMB,1100002.0,44.23,0.0
2017-09-01,FEMS,5700002.0,43.19,0.0
2017-09-01,FENY,22950000.0,17.55,0.0
2017-09-01,FEP,14800002.0,36.51,0.0
2017-09-01,FEU,8950370.0,34.39,0.0
2017-09-01,FEUZ,350002.0,41.29,0.0
2017-09-01,FEX,28050002.0,53.91,-5388000.0
2017-09-01,FEZ,109050967.0,39.87,0.0
2017-09-01,FFR,1150002.0,45.38,0.0
2017-09-01,FFTY,1900000.0,30.38,0.0
2017-09-01,FGD,17850002.0,25.42,0.0
2017-09-01,FGM,4450002.0,46.27,0.0
2017-09-01,FHK,200002.0,40.95,0.0
2017-09-01,FHLC,21150000.0,39.21,0.0
2017-09-01,FIBR,1250000.0,100.6,0.0
2017-09-01,FIDU,10100000.0,35.13,0.0
2017-09-01,FIEE,3365000.0,162.37,0.0
2017-09-01,FIHD,5656500.0,154.71,0.0
2017-09-01,FILL,1700000.0,18.75,0.0
2017-09-01,FINU,325004.0,73.96,0.0
2017-09-01,FINX,700000.0,20.1,0.0
2017-09-01,FINZ,143723.0,12.37,0.0
2017-09-01,FITS,100001.0,25.95,0.0
2017-09-01,FIW,5750002.0,42.98,0.0
2017-09-01,FIXD,1000002.0,50.94,0.0
2017-09-01,FJP,1250002.0,53.4,0.0
2017-09-01,FKO,200002.0,26.52,0.0
2017-09-01,FKU,750002.0,37.49,0.0
2017-09-01,FLAG,350000.0,38.65,0.0
2017-09-01,FLCO,1500000.0,24.71,0.0
2017-09-01,FLIO,200000.0,28.14,0.0
2017-09-01,FLLV,200000.0,28.15,0.0
2017-09-01,FLM,300002.0,55.25,0.0
2017-09-01,FLN,1100002.0,22.24,0.0
2017-09-01,FLOT,126600000.0,50.81,0.0
2017-09-01,FLQD,600000.0,28.25,0.0
2017-09-01,FLQE,12800000.0,32.1,0.0
2017-09-01,FLQG,600000.0,28.75,0.0
2017-09-01,FLQH,400000.0,24.37,0.0
2017-09-01,FLRN,41400000.0,30.67,0.0
2017-09-01,FLRT,550000.0,49.27,0.0
2017-09-01,FLTB,2050000.0,50.56,0.0
2017-09-01,FLTR,8300000.0,25.16,0.0
2017-09-01,FM,20500000.0,30.7,0.0
2017-09-01,FMAT,6900000.0,32.17,0.0
2017-09-01,FMB,3450002.0,53.52,2673750.0
2017-09-01,FMDG,154000.0,25.76,0.0
2017-09-01,FMK,500002.0,31.47,0.0
2017-09-01,FNCF,100000.0,32.11,0.0
2017-09-01,FNCL,25600000.0,36.37,0.0
2017-09-01,FNDA,58800000.0,34.65,5166000.0
2017-09-01,FNDB,7850000.0,34.2,0.0
2017-09-01,FNDC,39700000.0,33.99,0.0
2017-09-01,FNDE,53000000.0,28.91,0.0
2017-09-01,FNDF,98900000.0,29.0,0.0
2017-09-01,FNDX,88150000.0,34.37,6848000.0
2017-09-01,FNG,850000.0,20.98,0.0
2017-09-01,FNI,8600002.0,38.42,3801000.0
2017-09-01,FNK,1650002.0,33.38,0.0
2017-09-01,FNX,11550002.0,60.03,-6003000.0
2017-09-01,FNY,2900002.0,35.53,0.0
2017-09-01,FONE,350002.0,49.58,0.0
2017-09-01,FPA,1450002.0,33.92,0.0
2017-09-01,FPX,14100002.0,61.79,0.0
2017-09-01,FPXI,600002.0,34.39,0.0
2017-09-01,FQAL,1100000.0,29.42,0.0
2017-09-01,FRAK,4250000.0,13.23,0.0
2017-09-01,FREL,16250000.0,24.68,0.0
2017-09-01,FRI,9000002.0,23.49,0.0
2017-09-01,FRN,4940000.0,14.46,0.0
2017-09-01,FSTA,9400000.0,32.97,-1641000.0
2017-09-01,FSZ,3950002.0,50.01,0.0
2017-09-01,FTA,20800002.0,50.2,0.0
2017-09-01,FTAG,289928.0,25.89,0.0
2017-09-01,FTC,11650002.0,56.44,0.0
2017-09-01,FTCS,10350002.0,46.59,0.0
2017-09-01,FTEC,23000000.0,45.87,0.0
2017-09-01,FTGC,6953334.0,20.55,0.0
2017-09-01,FTHI,2324201.0,21.88,0.0
2017-09-01,FTLB,350002.0,21.78,0.0
2017-09-01,FTRI,800002.0,11.74,0.0
2017-09-01,FTSD,1576000.0,96.37,0.0
2017-09-01,FTSL,27650002.0,48.33,0.0
2017-09-01,FTSM,18699724.0,60.01,0.0
2017-09-01,FTW,100002.0,38.14,0.0
2017-09-01,FTXD,100002.0,19.38,0.0
2017-09-01,FTXG,150002.0,19.8,0.0
2017-09-01,FTXH,100002.0,20.09,0.0
2017-09-01,FTXL,850002.0,26.1,0.0
2017-09-01,FTXN,150002.0,17.17,0.0
2017-09-01,FTXO,39400002.0,25.26,0.0
2017-09-01,FTXR,150002.0,22.84,0.0
2017-09-01,FUD,275000.0,18.08,0.0
2017-09-01,FUT,125001.0,40.47,0.0
2017-09-01,FUTY,8350000.0,35.59,1784000.0
2017-09-01,FV,92600002.0,25.21,-3828000.0
2017-09-01,FVAL,1350000.0,29.95,0.0
2017-09-01,FVC,13750002.0,23.5,0.0
2017-09-01,FVD,129737986.0,29.42,0.0
2017-09-01,FVL,2439982.0,21.48,0.0
2017-09-01,FWDB,700000.0,26.09,0.0
2017-09-01,FWDD,550000.0,48.87,0.0
2017-09-01,FWDI,400000.0,29.36,0.0
2017-09-01,FXD,10500002.0,37.22,0.0
2017-09-01,FXEP,50001.0,27.99,0.0
2017-09-01,FXEU,250001.0,23.01,0.0
2017-09-01,FXG,9800002.0,46.66,0.0
2017-09-01,FXH,15100002.0,67.64,0.0
2017-09-01,FXI,78600000.0,44.06,0.0
2017-09-01,FXJP,50001.0,28.86,0.0
2017-09-01,FXL,13855000.0,46.74,0.0
2017-09-01,FXN,17150002.0,12.98,0.0
2017-09-01,FXO,39050002.0,29.06,-8694000.0
2017-09-01,FXP,1760525.0,19.94,0.0
2017-09-01,FXR,39600002.0,35.52,-3544000.0
2017-09-01,FXU,48300002.0,28.03,0.0
2017-09-01,FXZ,6450002.0,39.16,-3881000.0
2017-09-01,FYC,3150002.0,39.07,0.0
2017-09-01,FYLD,1900010.0,25.15,0.0
2017-09-01,FYT,1800002.0,33.51,0.0
2017-09-01,FYX,8650002.0,55.66,0.0
2017-09-01,GAA,1600001.0,26.9,0.0
2017-09-01,GAF,400000.0,0.0,0.0
2017-09-01,GAL,5850000.0,36.52,0.0
2017-09-01,GAMR,750000.0,44.31,0.0
2017-09-01,GARD,75000.0,22.31,0.0
2017-09-01,GASL,3157521.0,17.38,0.0
2017-09-01,GASX,74855.0,40.29,0.0
2017-09-01,GBF,1250000.0,114.78,0.0
2017-09-01,GCC,8750050.0,18.91,0.0
2017-09-01,GCOW,3250000.0,30.0,0.0
2017-09-01,GDJJ,99987.0,61.29,0.0
2017-09-01,GDX,334302500.0,24.81,0.0
2017-09-01,GDXJ,117687446.0,36.24,0.0
2017-09-01,GDXS,262436.0,12.86,0.0
2017-09-01,GDXX,349969.0,48.09,0.0
2017-09-01,GENY,250001.0,30.65,0.0
2017-09-01,GEUR,1100000.0,11.92,0.0
2017-09-01,GEX,1383298.0,58.68,0.0
2017-09-01,GGOV,100001.0,39.24,0.0
2017-09-01,GHII,1250000.0,28.5,0.0
2017-09-01,GHS,150000.0,32.35,0.0
2017-09-01,GHYG,4200000.0,50.81,0.0
2017-09-01,GII,3300000.0,52.9,0.0
2017-09-01,GLD,281100000.0,125.49,623350000.0
2017-09-01,GLDW,120000.0,122.2,0.0
2017-09-01,GLL,496977.0,67.35,0.0
2017-09-01,GMF,4200000.0,99.09,0.0
2017-09-01,GMFL,100000.0,25.04,0.0
2017-09-01,GML,700000.0,0.0,0.0
2017-09-01,GMM,7600000.0,72.92,0.0
2017-09-01,GMOM,2950001.0,26.36,0.0
2017-09-01,GNMA,2500000.0,49.9,-2492000.0
2017-09-01,GNR,26050000.0,44.94,6669000.0
2017-09-01,GNRX,150000.0,21.9,0.0
2017-09-01,GOAU,400000.0,13.41,0.0
2017-09-01,GOEX,2012054.0,24.25,0.0
2017-09-01,GOVT,200300000.0,25.4,5098000.0
2017-09-01,GQRE,3950001.0,61.7,0.0
2017-09-01,GREK,41550000.0,10.26,1554000.0
2017-09-01,GRES,7050000.0,26.98,0.0
2017-09-01,GRID,500002.0,46.63,0.0
2017-09-01,GRNB,400000.0,26.97,0.0
2017-09-01,GSD,900004.0,31.25,0.0
2017-09-01,GSG,81150000.0,14.47,0.0
2017-09-01,GSY,22800000.0,50.27,0.0
2017-09-01,GTO,1550000.0,52.5,0.0
2017-09-01,GULF,900000.0,17.81,0.0
2017-09-01,GUNR,147000001.0,30.88,0.0
2017-09-01,GUR,1800000.0,0.0,0.0
2017-09-01,GURI,100000.0,15.73,0.0
2017-09-01,GURU,2000000.0,27.81,0.0
2017-09-01,GUSH,9659476.0,17.72,-13576000.0
2017-09-01,GVAL,6150010.0,25.39,0.0
2017-09-01,GVI,17900000.0,111.17,5573000.0
2017-09-01,GWL,33200000.0,29.91,0.0
2017-09-01,GWX,25400000.0,34.5,0.0
2017-09-01,GXC,10100000.0,100.66,0.0
2017-09-01,GXF,1610000.0,23.84,0.0
2017-09-01,GXG,8930000.0,10.4,0.0
2017-09-01,GYEN,1275000.0,11.74,0.0
2017-09-01,HACK,37400000.0,30.01,0.0
2017-09-01,HACV,100000.0,28.28,0.0
2017-09-01,HACW,150000.0,27.49,0.0
2017-09-01,HAHA,50002.0,32.19,0.0
2017-09-01,HAKK,100000.0,49.3,0.0
2017-09-01,HAO,3350000.0,28.19,0.0
2017-09-01,HAP,2750000.0,34.49,0.0
2017-09-01,HAUD,50000.0,23.18,0.0
2017-09-01,HAWX,3500000.0,25.5,1270500.0
2017-09-01,HCRF,300000.0,30.18,0.0
2017-09-01,HDAW,150001.0,26.02,0.0
2017-09-01,HDEE,100001.0,24.37,0.0
2017-09-01,HDEF,200001.0,24.11,0.0
2017-09-01,HDEZ,150001.0,25.76,0.0
2017-09-01,HDG,1025000.0,44.47,0.0
2017-09-01,HDGE,21125000.0,8.62,0.0
2017-09-01,HDLV,615000.0,31.17,0.0
2017-09-01,HDRW,100004.0,28.1,0.0
2017-09-01,HDV,75800000.0,84.37,0.0
2017-09-01,HDWX,100000.0,0.0,0.0
2017-09-01,HECO,200000.0,41.09,0.0
2017-09-01,HEDJ,140500000.0,62.11,0.0
2017-09-01,HEEM,15400000.0,25.7,0.0
2017-09-01,HEFA,148800000.0,28.22,-88609500.0
2017-09-01,HEFV,700000.0,26.6,0.0
2017-09-01,HEMV,250000.0,26.34,0.0
2017-09-01,HEUS,100000.0,28.26,0.0
2017-09-01,HEUV,150000.0,24.44,0.0
2017-09-01,HEWC,100000.0,24.71,0.0
2017-09-01,HEWG,29500000.0,26.98,0.0
2017-09-01,HEWI,350000.0,16.95,0.0
2017-09-01,HEWJ,40550000.0,29.53,0.0
2017-09-01,HEWL,250000.0,26.35,0.0
2017-09-01,HEWP,2350000.0,22.9,0.0
2017-09-01,HEWU,800000.0,23.9,0.0
2017-09-01,HEWW,150000.0,21.52,0.0
2017-09-01,HEWY,50000.0,29.29,0.0
2017-09-01,HEZU,62150000.0,28.99,0.0
2017-09-01,HFEZ,700000.0,0.0,0.0
2017-09-01,HFXE,7900001.0,19.47,0.0
2017-09-01,HFXI,18700001.0,20.41,0.0
2017-09-01,HFXJ,1500001.0,20.13,0.0
2017-09-01,HGEU,125001.0,41.13,0.0
2017-09-01,HGI,800000.0,16.81,0.0
2017-09-01,HGJP,125001.0,30.35,0.0
2017-09-01,HGSD,950005.0,24.56,0.0
2017-09-01,HHYX,50000.0,27.42,0.0
2017-09-01,HILO,800000.0,15.2,0.0
2017-09-01,HIPS,550000.0,17.86,0.0
2017-09-01,HJPX,100000.0,27.07,0.0
2017-09-01,HOLD,850000.0,99.48,0.0
2017-09-01,HOML,180000.0,35.47,0.0
2017-09-01,HSCZ,350000.0,28.86,0.0
2017-09-01,HSPX,1250000.0,48.97,0.0
2017-09-01,HTUS,3500000.0,27.23,0.0
2017-09-01,HUSE,1475000.0,38.68,0.0
2017-09-01,HYD,66700000.0,31.35,3145000.0
2017-09-01,HYDD,200001.0,18.88,0.0
2017-09-01,HYEM,14200000.0,24.65,0.0
2017-09-01,HYG,208500000.0,87.81,61663000.0
2017-09-01,HYGH,2000000.0,91.15,0.0
2017-09-01,HYHG,2225001.0,67.61,0.0
2017-09-01,HYIH,450001.0,23.1,0.0
2017-09-01,HYLB,4300001.0,51.21,0.0
2017-09-01,HYLD,4500000.0,36.46,0.0
2017-09-01,HYLS,25000002.0,49.16,0.0
2017-09-01,HYLV,3800001.0,25.33,0.0
2017-09-01,HYMB,10700000.0,57.7,0.0
2017-09-01,HYND,800000.0,20.47,0.0
2017-09-01,HYS,17450000.0,101.32,0.0
2017-09-01,HYXE,200000.0,51.91,0.0
2017-09-01,HYXU,1700000.0,53.16,0.0
2017-09-01,HYZD,2300000.0,23.93,0.0
2017-09-01,IAGG,8650000.0,51.84,0.0
2017-09-01,IAI,2950000.0,53.9,-2680500.0
2017-09-01,IAK,2800000.0,62.33,0.0
2017-09-01,IAT,14950000.0,44.33,0.0
2017-09-01,IBB,29450000.0,335.84,-33584000.0
2017-09-01,IBCC,3800000.0,24.61,0.0
2017-09-01,IBCD,3750000.0,24.65,0.0
2017-09-01,IBCE,1950000.0,24.57,0.0
2017-09-01,IBDB,4050000.0,25.58,0.0
2017-09-01,IBDC,3450000.0,26.23,0.0
2017-09-01,IBDD,3300000.0,26.73,0.0
2017-09-01,IBDH,12300000.0,25.12,0.0
2017-09-01,IBDJ,6150000.0,24.81,0.0
2017-09-01,IBDK,15500000.0,24.95,0.0
2017-09-01,IBDL,15300000.0,25.5,0.0
2017-09-01,IBDM,16900000.0,25.01,0.0
2017-09-01,IBDN,12500000.0,25.2,0.0
2017-09-01,IBDO,7700000.0,25.28,0.0
2017-09-01,IBDP,5950000.0,25.15,0.0
2017-09-01,IBDQ,8700000.0,25.1,0.0
2017-09-01,IBDR,1750000.0,24.58,0.0
2017-09-01,IBLN,450000.0,30.54,0.0
2017-09-01,IBMG,7900000.0,25.48,1274500.0
2017-09-01,IBMH,8150000.0,25.58,1280000.0
2017-09-01,IBMI,8050000.0,25.75,0.0
2017-09-01,IBMJ,5550000.0,25.98,0.0
2017-09-01,IBMK,5400000.0,26.27,0.0
2017-09-01,IBND,4900000.0,34.79,0.0
2017-09-01,IBUY,2600000.0,36.17,0.0
2017-09-01,ICAN,100000.0,26.14,0.0
2017-09-01,ICF,32000000.0,102.39,0.0
2017-09-01,ICLN,11700000.0,9.07,2748000.0
2017-09-01,ICOL,1550000.0,14.74,0.0
2017-09-01,ICOW,100000.0,27.24,0.0
2017-09-01,ICSH,2550000.0,50.04,0.0
2017-09-01,ICVT,5350000.0,53.63,26785000.0
2017-09-01,IDHB,100000.0,26.84,0.0
2017-09-01,IDHD,150001.0,28.83,0.0
2017-09-01,IDHQ,1200000.0,22.96,0.0
2017-09-01,IDLB,4750001.0,28.8,-1439000.0
2017-09-01,IDLV,19050000.0,33.15,0.0
2017-09-01,IDU,6300000.0,137.17,34377500.0
2017-09-01,IDV,136850000.0,33.39,0.0
2017-09-01,IDX,2800000.0,24.15,0.0
2017-09-01,IEF,71000000.0,107.72,21552000.0
2017-09-01,IEFA,538600000.0,62.72,0.0
2017-09-01,IEI,60000000.0,124.27,0.0
2017-09-01,IEMG,682200000.0,54.1,0.0
2017-09-01,IEO,6700000.0,53.04,0.0
2017-09-01,IEUR,64600000.0,48.3,0.0
2017-09-01,IEUS,3000000.0,54.3,0.0
2017-09-01,IEV,69550000.0,45.6,-68040000.0
2017-09-01,IEZ,5700000.0,31.05,0.0
2017-09-01,IFEU,1000000.0,38.69,0.0
2017-09-01,IFGL,19000000.0,29.42,0.0
2017-09-01,IFIX,100001.0,50.42,0.0
2017-09-01,IFLY,850000.0,35.06,1767000.0
2017-09-01,IFV,35950002.0,20.91,10575000.0
2017-09-01,IGE,29100000.0,31.81,0.0
2017-09-01,IGEM,500000.0,24.88,0.0
2017-09-01,IGF,37900000.0,46.08,0.0
2017-09-01,IGHG,4475001.0,75.4,0.0
2017-09-01,IGIH,250001.0,24.07,0.0
2017-09-01,IGM,8250000.0,153.94,7698500.0
2017-09-01,IGN,1350000.0,45.95,0.0
2017-09-01,IGOV,14400000.0,49.76,4991000.0
2017-09-01,IGRO,750000.0,55.28,0.0
2017-09-01,IGV,7050000.0,147.11,0.0
2017-09-01,IGVT,100001.0,48.97,0.0
2017-09-01,IHDG,16400000.0,30.09,0.0
2017-09-01,IHE,4100000.0,155.17,-15530000.0
2017-09-01,IHF,3750000.0,148.01,0.0
2017-09-01,IHI,8400000.0,166.04,-8305500.0
2017-09-01,IHY,5400000.0,25.55,0.0
2017-09-01,IJH,226050000.0,173.56,17286000.0
2017-09-01,IJJ,37400000.0,147.54,-7342500.0
2017-09-01,IJK,34550000.0,196.8,9806500.0
2017-09-01,IJR,443350000.0,69.58,24160500.0
2017-09-01,IJS,32450000.0,138.27,-6851500.0
2017-09-01,IJT,28200000.0,155.15,0.0
2017-09-01,ILB,1860000.0,0.0,0.0
2017-09-01,ILF,34250000.0,34.99,0.0
2017-09-01,ILTB,3550000.0,63.93,0.0
2017-09-01,IMED,100000.0,28.43,0.0
2017-09-01,IMOM,1450000.0,27.72,0.0
2017-09-01,IMTB,700000.0,49.71,0.0
2017-09-01,IMTM,1300000.0,29.16,0.0
2017-09-01,INCO,3150000.0,43.69,0.0
2017-09-01,INDA,153900000.0,34.39,0.0
2017-09-01,INDF,100000.0,29.9,0.0
2017-09-01,INDL,1249686.0,91.26,0.0
2017-09-01,INDY,32800000.0,35.48,0.0
2017-09-01,INFR,1200000.0,29.45,0.0
2017-09-01,INKM,2950000.0,33.09,0.0
2017-09-01,INTF,10400000.0,27.32,0.0
2017-09-01,INXX,3300000.0,14.7,0.0
2017-09-01,IOIL,250000.0,9.54,0.0
2017-09-01,IOO,19350000.0,86.52,0.0
2017-09-01,IPAC,19500000.0,55.8,0.0
2017-09-01,IPAY,4850000.0,31.81,0.0
2017-09-01,IPD,450000.0,0.0,0.0
2017-09-01,IPE,16800225.0,56.69,0.0
2017-09-01,IPF,400000.0,0.0,0.0
2017-09-01,IPFF,4650000.0,18.4,0.0
2017-09-01,IPK,1000000.0,0.0,0.0
2017-09-01,IPKW,5100000.0,34.67,3476500.0
2017-09-01,IPN,500000.0,0.0,0.0
2017-09-01,IPS,850000.0,0.0,0.0
2017-09-01,IPU,1350000.0,0.0,0.0
2017-09-01,IPW,1700000.0,0.0,0.0
2017-09-01,IQDE,3600001.0,25.14,0.0
2017-09-01,IQDF,34800001.0,26.19,0.0
2017-09-01,IQDG,500004.0,29.27,0.0
2017-09-01,IQDY,3300001.0,27.6,13725000.0
2017-09-01,IQLT,700000.0,28.31,0.0
2017-09-01,IRV,200000.0,0.0,0.0
2017-09-01,IRY,1100000.0,0.0,0.0
2017-09-01,ISCF,600000.0,29.97,0.0
2017-09-01,ISHG,950000.0,84.74,0.0
2017-09-01,ISRA,1450000.0,28.68,0.0
2017-09-01,IST,1100000.0,0.0,0.0
2017-09-01,ISTB,21900000.0,50.22,5033000.0
2017-09-01,ISZE,200000.0,26.96,0.0
2017-09-01,ITA,23700000.0,170.49,17081000.0
2017-09-01,ITB,39000000.0,34.21,0.0
2017-09-01,ITE,10500168.0,60.32,0.0
2017-09-01,ITEQ,750000.0,30.17,0.0
2017-09-01,ITM,70900000.0,24.23,4860000.0
2017-09-01,ITML,200000.0,24.62,0.0
2017-09-01,ITMS,150000.0,24.74,0.0
2017-09-01,ITOT,190600000.0,56.69,-16962000.0
2017-09-01,ITR,64700072.0,34.55,-6932000.0
2017-09-01,IUSB,22800000.0,51.1,15360000.0
2017-09-01,IUSG,53450000.0,50.07,2504500.0
2017-09-01,IUSV,47200000.0,51.16,0.0
2017-09-01,IVAL,2000000.0,31.55,0.0
2017-09-01,IVE,128200000.0,105.57,26287500.0
2017-09-01,IVLU,4400000.0,24.68,0.0
2017-09-01,IVOG,5650000.0,121.74,0.0
2017-09-01,IVOO,6225000.0,117.2,0.0
2017-09-01,IVOV,5625000.0,112.84,0.0
2017-09-01,IVV,500100000.0,249.66,24914000.0
2017-09-01,IVW,134200000.0,142.52,35610000.0
2017-09-01,IWB,136750000.0,137.97,0.0
2017-09-01,IWC,9050000.0,88.09,0.0
2017-09-01,IWD,308250000.0,116.25,17373000.0
2017-09-01,IWF,295500000.0,124.04,18588000.0
2017-09-01,IWL,1950000.0,57.0,0.0
2017-09-01,IWM,265000000.0,140.54,0.0
2017-09-01,IWN,70850000.0,116.93,-34857000.0
2017-09-01,IWO,48450000.0,170.79,0.0
2017-09-01,IWP,68250000.0,110.74,-16558500.0
2017-09-01,IWR,79750000.0,193.56,0.0
2017-09-01,IWS,115100000.0,83.57,8315000.0
2017-09-01,IWV,52850000.0,146.74,0.0
2017-09-01,IWX,4950000.0,48.89,0.0
2017-09-01,IWY,15100000.0,67.47,6746000.0
2017-09-01,IXC,26250000.0,31.45,0.0
2017-09-01,IXG,7100000.0,64.58,0.0
2017-09-01,IXJ,14350000.0,110.93,0.0
2017-09-01,IXN,10250000.0,140.46,0.0
2017-09-01,IXP,5500000.0,60.08,0.0
2017-09-01,IXUS,119500000.0,59.88,0.0
2017-09-01,IYC,4200000.0,164.0,0.0
2017-09-01,IYE,30100000.0,34.71,0.0
2017-09-01,IYF,17100000.0,108.83,-5423000.0
2017-09-01,IYG,11300000.0,114.11,0.0
2017-09-01,IYH,11950000.0,170.74,0.0
2017-09-01,IYJ,7050000.0,133.91,0.0
2017-09-01,IYK,5400000.0,121.57,0.0
2017-09-01,IYLD,13050000.0,25.74,0.0
2017-09-01,IYM,6550000.0,93.44,-46300000.0
2017-09-01,IYR,56950000.0,81.28,52793000.0
2017-09-01,IYT,5050000.0,168.65,8400000.0
2017-09-01,IYW,24700000.0,149.73,0.0
2017-09-01,IYY,9000000.0,124.18,0.0
2017-09-01,IYZ,13900000.0,32.29,-1595000.0
2017-09-01,JDST,4037735.0,46.7,21325500.0
2017-09-01,JETS,4050000.0,28.84,0.0
2017-09-01,JHDG,500000.0,26.12,0.0
2017-09-01,JHMA,650000.0,32.08,0.0
2017-09-01,JHMC,1150000.0,27.78,0.0
2017-09-01,JHMD,1700000.0,28.7,0.0
2017-09-01,JHME,600000.0,25.28,0.0
2017-09-01,JHMF,1450000.0,32.92,0.0
2017-09-01,JHMH,1200000.0,30.26,0.0
2017-09-01,JHMI,700000.0,31.53,0.0
2017-09-01,JHML,10900000.0,32.13,0.0
2017-09-01,JHMM,6550000.0,31.45,0.0
2017-09-01,JHMS,700000.0,26.08,0.0
2017-09-01,JHMT,1350000.0,37.65,0.0
2017-09-01,JHMU,650000.0,28.46,0.0
2017-09-01,JKD,6000000.0,149.91,0.0
2017-09-01,JKE,5500000.0,145.55,0.0
2017-09-01,JKF,3900000.0,97.18,0.0
2017-09-01,JKG,4450000.0,170.75,0.0
2017-09-01,JKH,1250000.0,187.25,0.0
2017-09-01,JKI,2550000.0,147.39,0.0
2017-09-01,JKJ,1450000.0,159.58,0.0
2017-09-01,JKK,800000.0,163.63,0.0
2017-09-01,JKL,3150000.0,140.05,0.0
2017-09-01,JNK,341023812.0,37.01,185600000.0
2017-09-01,JNUG,34906879.0,22.92,-19227000.0
2017-09-01,JPEH,1050000.0,27.78,0.0
2017-09-01,JPEM,2900000.0,56.87,0.0
2017-09-01,JPEU,1200000.0,59.02,0.0
2017-09-01,JPGB,2100000.0,51.19,0.0
2017-09-01,JPGE,1500000.0,58.96,0.0
2017-09-01,JPHF,5550000.0,25.89,0.0
2017-09-01,JPHY,700000.0,51.31,0.0
2017-09-01,JPIH,1550000.0,28.86,0.0
2017-09-01,JPIN,18300000.0,57.34,0.0
2017-09-01,JPME,1100000.0,59.62,0.0
2017-09-01,JPMV,500000.0,63.92,0.0
2017-09-01,JPN,400001.0,26.78,0.0
2017-09-01,JPNL,150001.0,58.2,0.0
2017-09-01,JPSE,1400000.0,27.24,1354000.0
2017-09-01,JPST,900000.0,50.05,0.0
2017-09-01,JPUS,4500000.0,66.13,0.0
2017-09-01,JPXN,1500000.0,59.34,0.0
2017-09-01,JSMD,602000.0,34.57,0.0
2017-09-01,JSML,252000.0,33.59,0.0
2017-09-01,JXI,3100000.0,51.94,2597500.0
2017-09-01,KBA,7300000.0,33.37,0.0
2017-09-01,KBE,76252118.0,42.03,0.0
2017-09-01,KBWB,18000000.0,48.48,0.0
2017-09-01,KBWD,13300000.0,23.47,0.0
2017-09-01,KBWP,1850000.0,57.36,0.0
2017-09-01,KBWR,2850000.0,50.68,0.0
2017-09-01,KBWY,9650000.0,36.66,1831000.0
2017-09-01,KCE,2100000.0,49.81,0.0
2017-09-01,KCNY,350000.0,34.87,0.0
2017-09-01,KEMP,100000.0,25.82,0.0
2017-09-01,KFYP,150000.0,39.44,0.0
2017-09-01,KIE,10700000.0,88.56,-8840000.0
2017-09-01,KLD,5900000.0,103.96,0.0
2017-09-01,KLDW,2850001.0,31.22,0.0
2017-09-01,KNOW,5550218.0,39.62,0.0
2017-09-01,KOL,6350000.0,15.34,0.0
2017-09-01,KOLD,224832.0,31.83,0.0
2017-09-01,KOR,350000.0,28.89,0.0
2017-09-01,KORU,250001.0,47.52,0.0
2017-09-01,KRE,61152585.0,52.48,-5205000.0
2017-09-01,KRMA,2300000.0,17.67,0.0
2017-09-01,KROO,450000.0,18.01,0.0
2017-09-01,KRS,100000.0,16.83,0.0
2017-09-01,KRU,125000.0,70.12,0.0
2017-09-01,KSA,700000.0,26.15,0.0
2017-09-01,KWEB,16350000.0,56.47,22668000.0
2017-09-01,KWT,350000.0,43.7,0.0
2017-09-01,KXI,6050000.0,102.93,0.0
2017-09-01,LABD,22350000.0,4.96,16542500.0
2017-09-01,LABS,50001.0,25.74,0.0
2017-09-01,LABU,4361600.0,80.17,-39145000.0
2017-09-01,LALT,200000.0,21.48,0.0
2017-09-01,LARE,150000.0,31.06,0.0
2017-09-01,LBDC,1050000.0,17.22,0.0
2017-09-01,LBJ,469092.0,35.29,0.0
2017-09-01,LDRI,900000.0,25.05,0.0
2017-09-01,LDUR,1100000.0,100.71,0.0
2017-09-01,LEAD,650000.0,28.67,0.0
2017-09-01,LEMB,6000000.0,48.47,0.0
2017-09-01,LGLV,950000.0,87.43,0.0
2017-09-01,LIT,11674628.0,34.01,0.0
2017-09-01,LKOR,300001.0,53.3,0.0
2017-09-01,LLSC,200000.0,32.38,0.0
2017-09-01,LLSP,250000.0,32.82,0.0
2017-09-01,LMBS,14150002.0,52.11,5210000.0
2017-09-01,LMLP,1670000.0,15.28,0.0
2017-09-01,LNGR,300000.0,19.31,0.0
2017-09-01,LOWC,1700000.0,84.83,0.0
2017-09-01,LQD,319700000.0,120.73,0.0
2017-09-01,LQDH,800000.0,94.86,0.0
2017-09-01,LRET,270000.0,26.74,0.0
2017-09-01,LRGE,100000.0,26.78,0.0
2017-09-01,LRGF,19250000.0,29.32,1460000.0
2017-09-01,LSVX,1000000.0,27.63,0.0
2017-09-01,LTL,75000.0,51.47,0.0
2017-09-01,LTPZ,3270000.0,66.82,0.0
2017-09-01,LVHB,4250002.0,31.11,0.0
2017-09-01,LVHD,12800000.0,30.31,0.0
2017-09-01,LVHE,120000.0,27.7,0.0
2017-09-01,LVHI,2040000.0,27.6,0.0
2017-09-01,LVL,5440000.0,11.05,0.0
2017-09-01,LWC,5700000.0,41.82,0.0
2017-09-01,MATF,150000.0,31.25,0.0
2017-09-01,MATH,425000.0,30.9,0.0
2017-09-01,MBB,101200000.0,107.27,21466000.0
2017-09-01,MBG,8200000.0,26.36,0.0
2017-09-01,MBSD,1550001.0,23.99,0.0
2017-09-01,MCEF,700002.0,19.2,0.0
2017-09-01,MCHI,41800000.0,62.05,0.0
2017-09-01,MCRO,250000.0,26.07,0.0
2017-09-01,MDIV,44650002.0,19.12,0.0
2017-09-01,MDY,57036128.0,316.88,0.0
2017-09-01,MDYG,6800000.0,143.44,7147500.0
2017-09-01,MDYV,7550000.0,95.63,0.0
2017-09-01,MEAR,850000.0,50.07,2505500.0
2017-09-01,MELT,100001.0,23.64,0.0
2017-09-01,MENU,100002.0,16.44,0.0
2017-09-01,MEXX,100001.0,31.83,0.0
2017-09-01,MGC,14500000.0,85.17,0.0
2017-09-01,MGK,30114005.0,104.22,5204500.0
2017-09-01,MGV,24454818.0,70.36,0.0
2017-09-01,MIDU,1500132.0,36.55,0.0
2017-09-01,MIDZ,464407.0,18.0,0.0
2017-09-01,MILN,450000.0,17.84,0.0
2017-09-01,MINC,5550000.0,48.83,0.0
2017-09-01,MINT,72620000.0,101.68,7126000.0
2017-09-01,MLN,8550000.0,20.15,0.0
2017-09-01,MLPA,58800000.0,10.27,1536000.0
2017-09-01,MLPB,1500000.0,25.11,0.0
2017-09-01,MLPG,560000.0,24.62,0.0
2017-09-01,MLPI,88162808.0,25.11,0.0
2017-09-01,MLPJ,1000000.0,7.61,0.0
2017-09-01,MLPQ,1000000.0,41.05,0.0
2017-09-01,MLPS,320000.0,12.28,0.0
2017-09-01,MLPX,22600000.0,13.56,0.0
2017-09-01,MLPZ,1260000.0,45.42,0.0
2017-09-01,MMTM,200000.0,105.0,0.0
2017-09-01,MNA,8500000.0,30.58,0.0
2017-09-01,MOAT,32250000.0,39.63,3958000.0
2017-09-01,MOO,13900000.0,56.87,0.0
2017-09-01,MORL,22900000.0,18.32,4651200.0
2017-09-01,MORT,5900000.0,24.89,0.0
2017-09-01,MOTI,2050000.0,35.1,0.0
2017-09-01,MPCT,450000.0,56.09,0.0
2017-09-01,MRGR,100001.0,36.01,0.0
2017-09-01,MRRL,1000000.0,18.32,0.0
2017-09-01,MTK,9875012.0,77.97,0.0
2017-09-01,MTUM,40700000.0,93.55,32658500.0
2017-09-01,MUB,79100000.0,111.21,0.0
2017-09-01,MUNI,4960000.0,53.92,0.0
2017-09-01,MVIN,350000.0,45.07,0.0
2017-09-01,MVV,1325000.0,102.9,-10209000.0
2017-09-01,MXI,4900000.0,64.86,0.0
2017-09-01,MYY,1175000.0,12.33,0.0
2017-09-01,MZZ,254498.0,22.68,0.0
2017-09-01,NAIL,150000.0,46.05,0.0
2017-09-01,NANR,30000000.0,33.0,0.0
2017-09-01,NASH,300000.0,26.97,0.0
2017-09-01,NEAR,54000000.0,50.2,0.0
2017-09-01,NFLT,6900004.0,25.84,-1292000.0
2017-09-01,NFO,1250800.0,57.81,0.0
2017-09-01,NFRA,18800001.0,48.46,0.0
2017-09-01,NGE,3012135.0,21.16,0.0
2017-09-01,NLR,616632.0,52.71,0.0
2017-09-01,NOBL,52600001.0,58.22,0.0
2017-09-01,NORW,10200000.0,13.14,0.0
2017-09-01,NUAG,2300000.0,24.69,0.0
2017-09-01,NUDM,400000.0,25.39,0.0
2017-09-01,NUEM,500000.0,26.95,0.0
2017-09-01,NUGT,37185823.0,40.26,-15976000.0
2017-09-01,NULG,250000.0,29.3,0.0
2017-09-01,NULV,500000.0,26.62,0.0
2017-09-01,NUMG,250000.0,27.27,0.0
2017-09-01,NUMV,250000.0,26.11,0.0
2017-09-01,NURE,250000.0,26.09,0.0
2017-09-01,NUSA,1200000.0,25.08,0.0
2017-09-01,NUSC,700000.0,26.28,0.0
2017-09-01,NYCC,100001.0,29.92,0.0
2017-09-01,NYF,2450000.0,112.13,0.0
2017-09-01,OCIO,3300000.0,25.51,0.0
2017-09-01,OEF,43600000.0,110.11,-10994000.0
2017-09-01,OEW,150000.0,30.38,0.0
2017-09-01,OIH,43810863.0,22.5,8880000.0
2017-09-01,OILD,550008.0,22.39,0.0
2017-09-01,OILK,200001.0,18.52,0.0
2017-09-01,OILU,1000008.0,20.48,0.0
2017-09-01,OILX,1000000.0,27.67,0.0
2017-09-01,OLD,400001.0,26.11,0.0
2017-09-01,ONEK,1300000.0,116.3,0.0
2017-09-01,ONEO,6850000.0,70.56,0.0
2017-09-01,ONEQ,5160000.0,250.83,0.0
2017-09-01,ONEV,6300000.0,70.56,0.0
2017-09-01,ONEY,5700000.0,69.33,0.0
2017-09-01,OPD,50000.0,27.39,0.0
2017-09-01,ORG,300001.0,30.11,0.0
2017-09-01,OVLC,50000.0,28.71,0.0
2017-09-01,PAF,450000.0,57.39,0.0
2017-09-01,PAGG,900000.0,25.78,0.0
2017-09-01,PAK,2700000.0,14.15,0.0
2017-09-01,PAVE,850000.0,14.49,0.0
2017-09-01,PBD,4625000.0,12.28,0.0
2017-09-01,PBE,5450000.0,49.28,4881000.0
2017-09-01,PBJ,3350000.0,32.21,0.0
2017-09-01,PBP,14050000.0,22.53,0.0
2017-09-01,PBS,3600000.0,27.89,0.0
2017-09-01,PBW,21800000.0,4.42,0.0
2017-09-01,PCEF,28900000.0,23.84,0.0
2017-09-01,PCY,159700000.0,29.92,0.0
2017-09-01,PDBC,29704000.0,16.53,0.0
2017-09-01,PDN,6100000.0,32.23,0.0
2017-09-01,PDP,28850000.0,48.36,0.0
2017-09-01,PEJ,2850000.0,40.5,0.0
2017-09-01,PEK,2600000.0,46.35,0.0
2017-09-01,PERM,250000.0,26.0,0.0
2017-09-01,PEX,250001.0,42.08,0.0
2017-09-01,PEY,52400000.0,16.8,0.0
2017-09-01,PEZ,600000.0,45.5,0.0
2017-09-01,PFF,474950000.0,38.88,-9707500.0
2017-09-01,PFFR,750004.0,26.2,0.0
2017-09-01,PFI,2300000.0,32.0,0.0
2017-09-01,PFIG,1750000.0,25.75,0.0
2017-09-01,PFM,12400000.0,24.34,0.0
2017-09-01,PFXF,23800000.0,20.12,0.0
2017-09-01,PGAL,4550000.0,11.97,0.0
2017-09-01,PGF,88000000.0,19.06,-6671000.0
2017-09-01,PGHY,8500000.0,24.2,0.0
2017-09-01,PGJ,5000000.0,43.07,0.0
2017-09-01,PGX,352200000.0,15.1,-21895000.0
2017-09-01,PHB,63900000.0,19.03,13307000.0
2017-09-01,PHDG,900000.0,26.13,0.0
2017-09-01,PHO,29650000.0,27.16,0.0
2017-09-01,PICB,6850000.0,27.22,0.0
2017-09-01,PICK,10900000.0,32.32,0.0
2017-09-01,PID,54100000.0,15.95,0.0
2017-09-01,PIE,10650000.0,19.02,0.0
2017-09-01,PIO,8000000.0,24.2,0.0
2017-09-01,PIZ,8300000.0,26.51,0.0
2017-09-01,PJP,11150000.0,63.83,0.0
2017-09-01,PKB,9850000.0,29.59,2938000.0
2017-09-01,PKW,24250000.0,54.2,-2708500.0
2017-09-01,PLND,1000000.0,20.93,0.0
2017-09-01,PLW,5700000.0,33.11,1655000.0
2017-09-01,PMPT,500004.0,25.76,0.0
2017-09-01,PMR,400000.0,32.68,0.0
2017-09-01,PNQI,4250000.0,109.45,0.0
2017-09-01,PPA,14650000.0,49.44,0.0
2017-09-01,PPH,4888138.0,55.56,0.0
2017-09-01,PRB,600000.0,24.71,0.0
2017-09-01,PRF,46600000.0,104.85,-15669000.0
2017-09-01,PRFZ,14050000.0,118.8,0.0
2017-09-01,PRN,2100000.0,56.16,0.0
2017-09-01,PRNT,1500001.0,24.29,0.0
2017-09-01,PSAU,1750000.0,21.09,0.0
2017-09-01,PSC,9550001.0,28.26,0.0
2017-09-01,PSCC,800000.0,68.76,0.0
2017-09-01,PSCD,1150000.0,52.51,0.0
2017-09-01,PSCE,2750000.0,12.27,0.0
2017-09-01,PSCF,4700000.0,50.71,0.0
2017-09-01,PSCH,2650000.0,88.62,0.0
2017-09-01,PSCI,1650000.0,55.42,0.0
2017-09-01,PSCM,1050000.0,46.25,0.0
2017-09-01,PSCT,7000000.0,74.8,0.0
2017-09-01,PSCU,950000.0,54.84,0.0
2017-09-01,PSET,250001.0,29.55,0.0
2017-09-01,PSI,6150000.0,45.91,0.0
2017-09-01,PSJ,1950000.0,59.99,0.0
2017-09-01,PSK,12400000.0,45.31,0.0
2017-09-01,PSL,1100000.0,61.19,0.0
2017-09-01,PSMB,100001.0,13.13,0.0
2017-09-01,PSMC,100001.0,12.86,0.0
2017-09-01,PSMG,100001.0,13.26,0.0
2017-09-01,PSMM,100001.0,13.0,0.0
2017-09-01,PSP,24000000.0,12.6,0.0
2017-09-01,PSQ,10312500.0,38.07,0.0
2017-09-01,PSR,350000.0,80.29,0.0
2017-09-01,PST,5850000.0,20.89,0.0
2017-09-01,PTEU,1700000.0,29.34,0.0
2017-09-01,PTF,2400000.0,48.86,0.0
2017-09-01,PTH,1900000.0,66.07,0.0
2017-09-01,PTLC,20350000.0,26.63,2657000.0
2017-09-01,PTM,1125000.0,10.62,0.0
2017-09-01,PTMC,11700000.0,28.75,0.0
2017-09-01,PTNQ,3550000.0,28.29,0.0
2017-09-01,PUI,1900000.0,29.02,0.0
2017-09-01,PUTW,7000004.0,29.25,0.0
2017-09-01,PUW,950000.0,25.11,0.0
2017-09-01,PVI,3350000.0,24.93,0.0
2017-09-01,PWB,12450000.0,38.01,0.0
2017-09-01,PWC,1650000.0,88.44,0.0
2017-09-01,PWV,36500000.0,36.31,0.0
2017-09-01,PWZ,8000000.0,26.26,1313000.0
2017-09-01,PXE,2500000.0,18.81,0.0
2017-09-01,PXF,27200000.0,43.12,0.0
2017-09-01,PXH,43250000.0,21.93,8724000.0
2017-09-01,PXI,2600000.0,31.92,0.0
2017-09-01,PXJ,3300000.0,8.51,0.0
2017-09-01,PXLC,1000000.0,49.03,0.0
2017-09-01,PXLG,4250000.0,42.24,0.0
2017-09-01,PXLV,2000000.0,36.49,0.0
2017-09-01,PXMC,600000.0,44.39,0.0
2017-09-01,PXMG,2200000.0,37.92,0.0
2017-09-01,PXMV,1850000.0,30.44,0.0
2017-09-01,PXQ,550000.0,44.57,0.0
2017-09-01,PXR,550000.0,36.83,0.0
2017-09-01,PXSC,550000.0,39.64,0.0
2017-09-01,PXSG,1250000.0,29.72,0.0
2017-09-01,PXSV,2650000.0,28.78,0.0
2017-09-01,PY,250001.0,28.85,0.0
2017-09-01,PYZ,1550000.0,63.81,0.0
2017-09-01,PZA,61700000.0,25.74,1286500.0
2017-09-01,PZD,2950000.0,39.67,0.0
2017-09-01,PZI,1300000.0,18.23,0.0
2017-09-01,PZT,2650000.0,24.61,0.0
2017-09-01,QABA,6850002.0,48.51,-4842000.0
2017-09-01,QAI,36000000.0,29.83,0.0
2017-09-01,QAT,3050000.0,16.19,0.0
2017-09-01,QAUS,150000.0,0.0,0.0
2017-09-01,QCAN,650000.0,58.26,0.0
2017-09-01,QCLN,4250002.0,18.87,0.0
2017-09-01,QDEF,7550001.0,40.97,0.0
2017-09-01,QDEU,300000.0,60.4,0.0
2017-09-01,QDF,42150001.0,41.48,0.0
2017-09-01,QDYN,1500001.0,40.43,0.0
2017-09-01,QED,150001.0,21.05,0.0
2017-09-01,QEFA,2850000.0,62.24,0.0
2017-09-01,QEMM,3425000.0,61.46,0.0
2017-09-01,QESP,200000.0,0.0,0.0
2017-09-01,QGBR,100000.0,51.63,0.0
2017-09-01,QGTA,1600001.0,23.68,0.0
2017-09-01,QID,21937763.0,15.41,0.0
2017-09-01,QINC,1150002.0,24.13,1212000.0
2017-09-01,QJPN,200000.0,73.51,0.0
2017-09-01,QLC,850001.0,30.16,0.0
2017-09-01,QLD,20400000.0,64.61,0.0
2017-09-01,QLS,200001.0,21.11,0.0
2017-09-01,QLTA,1900000.0,52.72,0.0
2017-09-01,QMN,450000.0,25.41,0.0
2017-09-01,QMOM,1350000.0,26.13,0.0
2017-09-01,QQEW,9700002.0,54.99,0.0
2017-09-01,QQQ,365650000.0,146.02,182512500.0
2017-09-01,QQQC,600000.0,27.35,0.0
2017-09-01,QQQE,3900002.0,40.97,0.0
2017-09-01,QQXT,2100002.0,46.93,0.0
2017-09-01,QTEC,30800002.0,66.14,0.0
2017-09-01,QUAL,45900000.0,75.61,0.0
2017-09-01,QUS,950000.0,71.37,0.0
2017-09-01,QVAL,2700000.0,25.94,0.0
2017-09-01,QWLD,400000.0,70.91,0.0
2017-09-01,QYLD,5800000.0,23.83,0.0
2017-09-01,RALS,575000.0,37.57,0.0
2017-09-01,RAVI,2150001.0,75.54,0.0
2017-09-01,RBL,1350000.0,0.0,0.0
2017-09-01,RCD,850000.0,91.51,0.0
2017-09-01,RCOM,350002.0,25.86,0.0
2017-09-01,RDVY,9350002.0,26.78,1356000.0
2017-09-01,REET,16700000.0,25.9,5164000.0
2017-09-01,REGL,8000001.0,51.1,0.0
2017-09-01,REK,900000.0,16.11,0.0
2017-09-01,REM,28000000.0,47.28,-2358500.0
2017-09-01,REMX,2624962.0,23.7,0.0
2017-09-01,RETL,1000012.0,24.9,0.0
2017-09-01,REW,153079.0,19.99,0.0
2017-09-01,REZ,6400000.0,65.25,0.0
2017-09-01,RFAP,400002.0,57.63,0.0
2017-09-01,RFDI,5450002.0,61.59,9309000.0
2017-09-01,RFEM,850002.0,67.05,0.0
2017-09-01,RFEU,1600002.0,62.85,3175000.0
2017-09-01,RFG,3900021.0,140.94,0.0
2017-09-01,RFV,1800499.0,62.28,0.0
2017-09-01,RGI,1750000.0,107.57,0.0
2017-09-01,RHS,3900000.0,124.08,0.0
2017-09-01,RINF,2175001.0,27.04,0.0
2017-09-01,RING,19600000.0,20.14,0.0
2017-09-01,RISE,1050040.0,22.79,4548000.0
2017-09-01,RLY,4400000.0,24.98,0.0
2017-09-01,RNDM,100002.0,50.24,0.0
2017-09-01,RNDV,100002.0,19.53,0.0
2017-09-01,RNEM,100002.0,52.57,0.0
2017-09-01,RNLC,100002.0,19.88,0.0
2017-09-01,RNMC,100002.0,19.36,0.0
2017-09-01,RNSC,100002.0,19.08,0.0
2017-09-01,ROBO,30650000.0,36.86,14768000.0
2017-09-01,ROM,3250000.0,74.65,-1867250.0
2017-09-01,ROOF,4350000.0,27.2,0.0
2017-09-01,RPG,21300299.0,98.3,0.0
2017-09-01,RPV,14302836.0,59.99,0.0
2017-09-01,RRF,100000.0,0.0,0.0
2017-09-01,RSP,144302663.0,93.61,-27978000.0
2017-09-01,RSX,89700000.0,21.43,22396500.0
2017-09-01,RSXJ,1283318.0,43.2,0.0
2017-09-01,RTH,721531.0,79.6,0.0
2017-09-01,RTM,1400000.0,101.28,-5017000.0
2017-09-01,RUSL,3368002.0,48.05,-4639000.0
2017-09-01,RUSS,1094595.0,25.56,1328000.0
2017-09-01,RVNU,2250001.0,26.99,0.0
2017-09-01,RWM,7816642.0,46.2,0.0
2017-09-01,RWO,56400000.0,48.26,0.0
2017-09-01,RWR,31381617.0,93.47,0.0
2017-09-01,RWX,96035379.0,39.02,0.0
2017-09-01,RXD,35905.0,32.19,0.0
2017-09-01,RXI,2450000.0,100.16,0.0
2017-09-01,RXL,1250000.0,83.98,0.0
2017-09-01,RYE,3550005.0,50.57,0.0
2017-09-01,RYF,8500000.0,39.46,0.0
2017-09-01,RYH,3900000.0,175.49,-35122000.0
2017-09-01,RYJ,4722822.0,39.49,0.0
2017-09-01,RYT,10450000.0,132.11,39564000.0
2017-09-01,RYU,2250000.0,89.3,0.0
2017-09-01,RZG,1950004.0,104.49,0.0
2017-09-01,RZV,2650040.0,64.06,0.0
2017-09-01,SAA,275000.0,81.64,0.0
2017-09-01,SAGG,100001.0,31.05,0.0
2017-09-01,SBB,143681.0,38.18,-962000.0
2017-09-01,SBM,100000.0,19.49,0.0
2017-09-01,SCAP,136476.0,32.03,0.0
2017-09-01,SCC,62317.0,29.44,0.0
2017-09-01,SCHA,85750000.0,64.4,0.0
2017-09-01,SCHB,171050000.0,59.88,0.0
2017-09-01,SCHC,44200000.0,35.02,0.0
2017-09-01,SCHD,131800000.0,45.9,0.0
2017-09-01,SCHE,157400000.0,27.1,0.0
2017-09-01,SCHF,351100000.0,32.66,0.0
2017-09-01,SCHG,68200000.0,65.65,0.0
2017-09-01,SCHH,87650000.0,41.41,2061500.0
2017-09-01,SCHM,72900000.0,48.95,4877000.0
2017-09-01,SCHO,37250000.0,50.45,5052000.0
2017-09-01,SCHP,44150000.0,55.56,13925000.0
2017-09-01,SCHR,19400000.0,54.32,2724000.0
2017-09-01,SCHV,69750000.0,50.8,0.0
2017-09-01,SCHX,166250000.0,59.23,0.0
2017-09-01,SCHZ,79600000.0,52.46,15798000.0
2017-09-01,SCID,800000.0,27.54,0.0
2017-09-01,SCIF,5474967.0,58.63,0.0
2017-09-01,SCIJ,650000.0,29.94,0.0
2017-09-01,SCIN,1550000.0,20.32,0.0
2017-09-01,SCIU,4450000.0,29.07,0.0
2017-09-01,SCIX,150000.0,25.38,0.0
2017-09-01,SCJ,2600000.0,72.98,0.0
2017-09-01,SCO,5089884.0,39.4,0.0
2017-09-01,SCPB,101700000.0,30.65,12280000.0
2017-09-01,SCTO,250000.0,25.08,0.0
2017-09-01,SCZ,150000000.0,60.3,0.0
2017-09-01,SDD,123326.0,19.57,0.0
2017-09-01,SDEM,750000.0,16.45,-821500.0
2017-09-01,SDIV,45550000.0,21.76,0.0
2017-09-01,SDOW,6686276.0,28.27,0.0
2017-09-01,SDP,312490.0,24.49,0.0
2017-09-01,SDS,28896068.0,48.31,31525000.0
2017-09-01,SDY,172753658.0,89.51,0.0
2017-09-01,SDYL,190000.0,73.02,0.0
2017-09-01,SEA,9500000.0,11.85,0.0
2017-09-01,SEF,1900000.0,12.82,0.0
2017-09-01,SFHY,100002.0,51.24,0.0
2017-09-01,SFIG,100002.0,50.11,0.0
2017-09-01,SGQI,1700001.0,28.28,0.0
2017-09-01,SH,60555826.0,32.72,9834000.0
2017-09-01,SHE,4850000.0,68.23,0.0
2017-09-01,SHM,72251082.0,48.84,0.0
2017-09-01,SHNY,400001.0,11.34,0.0
2017-09-01,SHV,53000000.0,110.3,0.0
2017-09-01,SHY,130600000.0,84.54,0.0
2017-09-01,SHYD,4850000.0,24.61,0.0
2017-09-01,SHYG,67700000.0,47.33,9504000.0
2017-09-01,SICK,50001.0,20.98,0.0
2017-09-01,SIJ,135842.0,20.71,0.0
2017-09-01,SIL,11097318.0,35.07,1741000.0
2017-09-01,SILJ,4800000.0,13.12,1941000.0
2017-09-01,SIPE,500000.0,0.0,0.0
2017-09-01,SIZE,2000000.0,78.57,3921500.0
2017-09-01,SJB,5400000.0,23.24,0.0
2017-09-01,SJNK,159100000.0,27.75,41775000.0
2017-09-01,SKF,1644832.0,25.71,0.0
2017-09-01,SKOR,900001.0,51.07,0.0
2017-09-01,SKYY,23050002.0,41.44,0.0
2017-09-01,SLIM,100001.0,28.79,0.0
2017-09-01,SLQD,10600000.0,50.54,0.0
2017-09-01,SLVP,5600000.0,11.62,0.0
2017-09-01,SLX,3700000.0,43.57,0.0
2017-09-01,SLY,6150023.0,122.15,0.0
2017-09-01,SLYG,5050007.0,215.36,0.0
2017-09-01,SLYV,7351051.0,117.8,0.0
2017-09-01,SMB,14050000.0,17.65,0.0
2017-09-01,SMCP,1100000.0,24.16,0.0
2017-09-01,SMD,1950000.0,91.98,0.0
2017-09-01,SMDD,218686.0,13.73,0.0
2017-09-01,SMDV,7950001.0,54.24,0.0
2017-09-01,SMEZ,250000.0,60.66,0.0
2017-09-01,SMH,8720937.0,88.96,22152500.0
2017-09-01,SMHD,1850000.0,19.4,4259250.0
2017-09-01,SMIN,4450000.0,46.6,0.0
2017-09-01,SMK,49986.0,15.31,0.0
2017-09-01,SMLF,1350000.0,36.17,0.0
2017-09-01,SMLL,66644.0,42.96,0.0
2017-09-01,SMLV,2250000.0,91.73,0.0
2017-09-01,SMMU,1260000.0,50.49,0.0
2017-09-01,SMMV,300000.0,27.92,0.0
2017-09-01,SMN,490969.0,16.24,0.0
2017-09-01,SNLN,29800000.0,18.31,0.0
2017-09-01,SNSR,2950000.0,18.55,0.0
2017-09-01,SOCL,5050000.0,31.09,0.0
2017-09-01,SOIL,1500000.0,9.57,0.0
2017-09-01,SOP,50001.0,16.43,0.0
2017-09-01,SOVB,400000.0,28.42,0.0
2017-09-01,SOXL,3450004.0,101.4,-20018000.0
2017-09-01,SOXS,1759767.0,24.57,0.0
2017-09-01,SOXX,7150000.0,151.96,0.0
2017-09-01,SOYB,625004.0,18.04,0.0
2017-09-01,SPDN,1049983.0,33.22,0.0
2017-09-01,SPFF,19300000.0,12.66,0.0
2017-09-01,SPHB,3500000.0,37.39,0.0
2017-09-01,SPHD,73050000.0,40.32,0.0
2017-09-01,SPHQ,45550000.0,28.26,0.0
2017-09-01,SPLV,153900000.0,45.48,11380000.0
2017-09-01,SPLX,155000.0,46.26,0.0
2017-09-01,SPLZ,150001.0,23.37,0.0
2017-09-01,SPMO,50001.0,30.84,0.0
2017-09-01,SPMV,100001.0,25.48,0.0
2017-09-01,SPUN,250000.0,22.53,0.0
2017-09-01,SPUU,83236.0,42.74,0.0
2017-09-01,SPVM,100001.0,25.94,0.0
2017-09-01,SPVU,1600001.0,31.86,0.0
2017-09-01,SPXE,125001.0,51.98,0.0
2017-09-01,SPXH,1500000.0,33.73,0.0
2017-09-01,SPXL,16305003.0,36.4,-9052500.0
2017-09-01,SPXN,25001.0,50.59,0.0
2017-09-01,SPXS,10953892.0,38.3,0.0
2017-09-01,SPXT,25001.0,48.56,0.0
2017-09-01,SPXU,48355827.0,14.53,13158000.0
2017-09-01,SPXV,25001.0,51.56,0.0
2017-09-01,SPY,970632116.0,247.97,-5456272500.0
2017-09-01,SPYB,150000.0,56.22,0.0
2017-09-01,SPYD,5300000.0,35.42,0.0
2017-09-01,SPYG,7200027.0,123.15,0.0
2017-09-01,SPYV,3000716.0,114.16,0.0
2017-09-01,SPYX,2850000.0,60.28,0.0
2017-09-01,SQLV,100000.0,24.53,0.0
2017-09-01,SQQQ,23735293.0,26.71,44071500.0
2017-09-01,SQZZ,25000.0,23.83,0.0
2017-09-01,SRET,3050000.0,15.52,0.0
2017-09-01,SRLN,38750000.0,47.25,0.0
2017-09-01,SRS,995837.0,30.25,-1514500.0
2017-09-01,SRTY,2163142.0,42.65,-4342000.0
2017-09-01,SSG,375984.0,14.5,0.0
2017-09-01,SSO,20500000.0,93.57,4661000.0
2017-09-01,SST,4700000.0,30.23,0.0
2017-09-01,STIP,12500000.0,100.46,0.0
2017-09-01,STOT,800000.0,49.67,0.0
2017-09-01,STPZ,21620000.0,52.28,0.0
2017-09-01,SUB,14300000.0,106.14,0.0
2017-09-01,SUSB,400000.0,25.23,0.0
2017-09-01,SUSC,400000.0,25.35,0.0
2017-09-01,SVXY,17850000.0,80.23,0.0
2017-09-01,SWIN,300002.0,28.11,0.0
2017-09-01,SYE,100000.0,70.13,0.0
2017-09-01,SYG,550000.0,74.59,0.0
2017-09-01,SYLD,3600000.0,34.24,0.0
2017-09-01,SYV,100000.0,60.64,0.0
2017-09-01,SZK,112457.0,15.24,0.0
2017-09-01,TAGS,50002.0,23.52,0.0
2017-09-01,TAIL,400002.0,24.17,1213500.0
2017-09-01,TAN,16648000.0,21.88,0.0
2017-09-01,TAO,2060000.0,28.07,0.0
2017-09-01,TBF,26950000.0,22.06,0.0
2017-09-01,TBLU,100000.0,26.34,0.0
2017-09-01,TBT,58406929.0,34.5,0.0
2017-09-01,TBX,1300000.0,27.85,0.0
2017-09-01,TBZ,100000.0,26.15,0.0
2017-09-01,TCHF,100000.0,36.93,0.0
2017-09-01,TCTL,450000.0,28.53,0.0
2017-09-01,TDIV,22105000.0,31.9,-1609500.0
2017-09-01,TDTF,32250001.0,25.15,0.0
2017-09-01,TDTT,84804000.0,24.59,0.0
2017-09-01,TECL,3900000.0,87.78,0.0
2017-09-01,TECS,2167738.0,9.2,0.0
2017-09-01,TECZ,50001.0,18.13,0.0
2017-09-01,TERM,1100002.0,20.59,0.0
2017-09-01,TETF,150000.0,16.62,0.0
2017-09-01,TFI,50651036.0,49.25,4935000.0
2017-09-01,TFLO,500000.0,50.19,0.0
2017-09-01,THD,4300000.0,82.82,0.0
2017-09-01,THHY,200000.0,23.59,0.0
2017-09-01,THRK,2450036.0,184.58,0.0
2017-09-01,TILT,10600001.0,103.02,0.0
2017-09-01,TIP,205400000.0,114.15,0.0
2017-09-01,TIPX,5800000.0,19.59,0.0
2017-09-01,TIPZ,1080000.0,58.15,0.0
2017-09-01,TLDH,650001.0,27.54,0.0
2017-09-01,TLEH,1375001.0,29.96,0.0
2017-09-01,TLH,3800000.0,138.15,0.0
2017-09-01,TLO,8100000.0,73.11,0.0
2017-09-01,TLT,59000000.0,126.72,190125000.0
2017-09-01,TLTD,14200001.0,65.29,0.0
2017-09-01,TLTE,9500001.0,56.9,0.0
2017-09-01,TMF,4250000.0,22.01,0.0
2017-09-01,TMV,19899789.0,18.35,0.0
2017-09-01,TNA,13300067.0,55.3,-40770000.0
2017-09-01,TOFR,190000.0,16.67,0.0
2017-09-01,TOK,3000000.0,61.43,0.0
2017-09-01,TOLZ,900001.0,44.06,0.0
2017-09-01,TOTL,72000000.0,49.25,0.0
2017-09-01,TPS,50000.0,24.51,0.0
2017-09-01,TPYP,3300000.0,23.54,0.0
2017-09-01,TQQQ,17000000.0,115.45,-92312000.0
2017-09-01,TRSK,600000.0,29.49,0.0
2017-09-01,TTAC,1000000.0,30.03,0.0
2017-09-01,TTAI,200000.0,25.48,0.0
2017-09-01,TTFS,2025000.0,65.77,0.0
2017-09-01,TTT,3024917.0,25.28,0.0
2017-09-01,TUR,9200000.0,46.58,0.0
2017-09-01,TUSA,400002.0,30.16,0.0
2017-09-01,TUZ,2352000.0,50.72,0.0
2017-09-01,TVIX,16333593.0,15.79,0.0
2017-09-01,TVIZ,107898.0,13.88,0.0
2017-09-01,TWM,7459437.0,20.91,-5290000.0
2017-09-01,TWOK,2750000.0,83.14,0.0
2017-09-01,TYBS,250001.0,20.12,0.0
2017-09-01,TYD,200000.0,46.25,0.0
2017-09-01,TYNS,50001.0,27.82,0.0
2017-09-01,TYO,2050000.0,13.5,0.0
2017-09-01,TZA,39620375.0,16.14,18883000.0
2017-09-01,UAE,2800000.0,17.76,0.0
2017-09-01,UAG,238000.0,17.96,0.0
2017-09-01,UBC,184636.0,18.24,0.0
2017-09-01,UBG,215976.0,33.79,0.0
2017-09-01,UBIO,1249915.0,39.57,-3953000.0
2017-09-01,UBM,168000.0,17.34,0.0
2017-09-01,UBN,225421.0,6.83,0.0
2017-09-01,UBND,100000.0,0.0,0.0
2017-09-01,UBR,216557.0,79.04,0.0
2017-09-01,UBT ,500000.0,83.42,0.0
2017-09-01,UCC,300000.0,67.58,0.0
2017-09-01,UCI,6038589.0,14.26,0.0
2017-09-01,UCIB,1500000.0,14.26,0.0
2017-09-01,UCO,46611317.0,15.5,0.0
2017-09-01,UDBI,104000.0,29.91,0.0
2017-09-01,UDN,2000040.0,22.39,4484000.0
2017-09-01,UDOW,2750000.0,66.19,-3292000.0
2017-09-01,UGA,2650000.0,30.33,0.0
2017-09-01,UGAZ,46768403.0,13.33,-49210000.0
2017-09-01,UGE,325000.0,44.72,0.0
2017-09-01,UGL,2350000.0,42.31,0.0
2017-09-01,UGLD,9140618.0,12.05,0.0
2017-09-01,UHN,250000.0,16.36,0.0
2017-09-01,UJB,50000.0,66.1,0.0
2017-09-01,ULBR,400000.0,23.95,0.0
2017-09-01,ULE,850000.0,17.32,0.0
2017-09-01,ULST,500000.0,40.22,0.0
2017-09-01,UMDD,375000.0,88.35,0.0
2017-09-01,UMX,350000.0,28.67,0.0
2017-09-01,UNG,73166476.0,6.81,10784000.0
2017-09-01,UNL,950000.0,10.13,0.0
2017-09-01,UOP,49995.0,18.43,0.0
2017-09-01,UPRO,8500000.0,110.86,-5510000.0
2017-09-01,UPV,275000.0,53.27,0.0
2017-09-01,UPW,300000.0,50.03,0.0
2017-09-01,URA,19881666.0,13.84,0.0
2017-09-01,URE,2608744.0,64.91,0.0
2017-09-01,URTH,6200000.0,82.49,0.0
2017-09-01,URTY,1750000.0,64.86,0.0
2017-09-01,USAG,100000.0,17.66,0.0
2017-09-01,USCI,12200000.0,40.82,0.0
2017-09-01,USD,450000.0,91.63,0.0
2017-09-01,USDU,5400000.0,25.64,0.0
2017-09-01,USEQ,2050001.0,25.3,0.0
2017-09-01,USFR,50000.0,25.07,0.0
2017-09-01,USL,6250000.0,17.4,0.0
2017-09-01,USLB,5450001.0,29.38,0.0
2017-09-01,USLV,19742463.0,14.03,0.0
2017-09-01,USMR,50000.0,26.17,0.0
2017-09-01,USMV,274700000.0,50.26,15090000.0
2017-09-01,USO,266500000.0,9.66,0.0
2017-09-01,USOD,100040.0,23.97,0.0
2017-09-01,USOU,100040.0,24.04,0.0
2017-09-01,USRT,3150000.0,49.82,0.0
2017-09-01,UST ,900000.0,59.71,0.0
2017-09-01,USV,180000.0,22.88,0.0
2017-09-01,UTES,450004.0,34.4,0.0
2017-09-01,UTLF,150000.0,27.59,0.0
2017-09-01,UTLZ,100001.0,21.81,0.0
2017-09-01,UTSL,100001.0,30.27,0.0
2017-09-01,UUP,24200040.0,24.08,-14424000.0
2017-09-01,UVXY,16427238.0,28.99,73644000.0
2017-09-01,UWM,2600000.0,59.98,-11858000.0
2017-09-01,UWT,35241000.0,13.33,-6640000.0
2017-09-01,UWTI,7352876.0,13.13,0.0
2017-09-01,UXI,350000.0,59.75,0.0
2017-09-01,UYG,7719250.0,106.02,0.0
2017-09-01,UYM,950000.0,61.45,0.0
2017-09-01,VALX,900000.0,27.25,0.0
2017-09-01,VAMO,400004.0,23.84,0.0
2017-09-01,VAW,15390168.0,125.47,0.0
2017-09-01,VB,138980125.0,136.49,-44148000.0
2017-09-01,VBK,42424855.0,147.71,0.0
2017-09-01,VBND,11100000.0,50.18,0.0
2017-09-01,VBR,92921788.0,123.1,-122.37
2017-09-01,VCIT,189013004.0,87.94,44075000.0
2017-09-01,VCLT,22304182.0,93.28,0.0
2017-09-01,VCR,15506029.0,142.44,0.0
2017-09-01,VCSH,259971328.0,80.05,16028000.0
2017-09-01,VDC,26969802.0,140.8,0.0
2017-09-01,VDE,42647870.0,86.54,-12856500.0
2017-09-01,VEA,1427938039.0,42.56,0.0
2017-09-01,VEGA,600000.0,29.58,0.0
2017-09-01,VEGI,1050000.0,27.32,0.0
2017-09-01,VEU,388627059.0,52.09,0.0
2017-09-01,VFH,98412770.0,62.54,0.0
2017-09-01,VGIT,20351191.0,65.08,3255000.0
2017-09-01,VGK,303805412.0,56.82,0.0
2017-09-01,VGLT,6966003.0,77.99,0.0
2017-09-01,VGSH,30097516.0,60.78,12164000.0
2017-09-01,VGT,96816758.0,151.15,0.0
2017-09-01,VHT,46327345.0,151.11,0.0
2017-09-01,VIDI,26600000.0,27.26,0.0
2017-09-01,VIG,266200606.0,93.01,18692496.9
2017-09-01,VIGI,8720083.0,63.43,0.0
2017-09-01,VIIX,784193.0,19.53,0.0
2017-09-01,VIIZ,140000.0,7.5,0.0
2017-09-01,VIOG,2000000.0,132.99,0.0
2017-09-01,VIOO,5425000.0,126.83,0.0
2017-09-01,VIOV,1775000.0,119.3,0.0
2017-09-01,VIS,24879608.0,129.01,6435000.0
2017-09-01,VIXM,1712403.0,26.19,654750.0
2017-09-01,VIXY,4901317.0,38.4,0.0
2017-09-01,VLU,100000.0,93.58,0.0
2017-09-01,VLUE,33800000.0,75.7,7518000.0
2017-09-01,VMAX,137500.0,22.05,0.0
2017-09-01,VMBS,80226190.0,52.9,3965250.0
2017-09-01,VMIN,750000.0,28.08,0.0
2017-09-01,VMOT,1200000.0,26.34,0.0
2017-09-01,VNLA,2200001.0,50.24,0.0
2017-09-01,VNM,20050000.0,14.82,0.0
2017-09-01,VNQ,412576334.0,84.34,58821000.0
2017-09-01,VNQI,81978369.0,58.94,11834000.0
2017-09-01,VO,135562881.0,144.85,3638814.24
2017-09-01,VOE,71970856.0,103.96,0.0
2017-09-01,VONE,6375000.0,113.86,-11386000.0
2017-09-01,VONG,10376711.0,127.2,0.0
2017-09-01,VONV,11375000.0,101.7,0.0
2017-09-01,VOO,315773990.0,227.77,0.0
2017-09-01,VOOG,13025000.0,127.86,3194500.0
2017-09-01,VOOV,7575000.0,101.73,0.0
2017-09-01,VOT,39403427.0,120.21,0.0
2017-09-01,VOX,14839812.0,94.2,2338500.0
2017-09-01,VPL,68309621.0,67.65,0.0
2017-09-01,VPU,22269059.0,120.47,0.0
2017-09-01,VRIG,3950001.0,25.18,0.0
2017-09-01,VRP,68500000.0,26.03,-2600000.0
2017-09-01,VSDA,250000.0,25.8,0.0
2017-09-01,VSMV,100000.0,25.39,0.0
2017-09-01,VSS,36273581.0,113.15,0.0
2017-09-01,VT,128707626.0,69.74,0.0
2017-09-01,VTEB,30000709.0,51.85,20784000.0
2017-09-01,VTHR,3025000.0,113.81,0.0
2017-09-01,VTI,646608673.0,127.29,114581400.0
2017-09-01,VTIP,78367013.0,49.45,0.0
2017-09-01,VTV,331889159.0,97.88,29280000.0
2017-09-01,VTWG,1575000.0,123.94,0.0
2017-09-01,VTWO,9650000.0,112.88,0.0
2017-09-01,VTWV,1700000.0,101.61,0.0
2017-09-01,VUG,218420737.0,131.98,6590000.0
2017-09-01,VUSE,16800000.0,30.03,0.0
2017-09-01,VV,88265570.0,113.93,0.0
2017-09-01,VWO,1401560664.0,44.38,0.0
2017-09-01,VWOB,12812165.0,80.78,0.0
2017-09-01,VXF,49469194.0,103.55,-247272103.03
2017-09-01,VXUS,169429594.0,54.09,46577.6
2017-09-01,VYM,237888979.0,79.51,76841.7
2017-09-01,VYMI,7797487.0,64.81,0.0
2017-09-01,WBIA,1700000.0,22.99,0.0
2017-09-01,WBIB,2850000.0,24.22,-1207000.0
2017-09-01,WBIC,2950000.0,21.26,0.0
2017-09-01,WBID,3200000.0,22.28,-1107500.0
2017-09-01,WBIE,2000000.0,23.93,-1193000.0
2017-09-01,WBIF,3000000.0,26.36,0.0
2017-09-01,WBIG,3450000.0,23.13,0.0
2017-09-01,WBIH,11050000.0,24.58,0.0
2017-09-01,WBII,6350000.0,25.6,0.0
2017-09-01,WBIL,1850000.0,25.34,0.0
2017-09-01,WBIR,750000.0,24.75,0.0
2017-09-01,WBIY,1500000.0,23.4,0.0
2017-09-01,WDIV,2400000.0,67.9,0.0
2017-09-01,WDRW,99988.0,47.45,0.0
2017-09-01,WDTI,4400000.0,38.8,0.0
2017-09-01,WEAR,100001.0,17.59,0.0
2017-09-01,WEAT,10400004.0,6.49,1612500.0
2017-09-01,WEXP,25000.0,29.91,0.0
2017-09-01,WFHY,100002.0,52.27,0.0
2017-09-01,WFIG,100002.0,50.25,0.0
2017-09-01,WIP,8700483.0,58.08,0.0
2017-09-01,WMCR,900800.0,31.35,0.0
2017-09-01,WOOD,4380000.0,63.93,0.0
2017-09-01,WPS,3600000.0,38.42,0.0
2017-09-01,WREI,450000.0,47.46,0.0
2017-09-01,WSKY,150000.0,29.92,0.0
2017-09-01,WTID,1000000.0,31.79,0.0
2017-09-01,WTIU,1000000.0,12.94,0.0
2017-09-01,WUSA,75000.0,28.6,0.0
2017-09-01,WYDE,150001.0,33.01,0.0
2017-09-01,XAR,10950000.0,75.88,3796500.0
2017-09-01,XBI,50650000.0,84.62,104937500.0
2017-09-01,XCEM,350000.0,27.86,0.0
2017-09-01,XD,50002.0,15.27,0.0
2017-09-01,XE,50002.0,9.76,0.0
2017-09-01,XES,19150000.0,13.78,0.0
2017-09-01,XF,50002.0,14.93,0.0
2017-09-01,XH,50002.0,17.81,0.0
2017-09-01,XHB,24500016.0,38.39,21010000.0
2017-09-01,XHE,2400000.0,61.65,0.0
2017-09-01,XHS,1650000.0,60.59,0.0
2017-09-01,XI,50002.0,15.86,0.0
2017-09-01,XINA,100000.0,23.96,0.0
2017-09-01,XITK,100000.0,75.14,0.0
2017-09-01,XIV,15243883.0,83.4,0.0
2017-09-01,XIVH,1000000.0,53.84,0.0
2017-09-01,XK,50002.0,17.21,0.0
2017-09-01,XLB,66723725.0,55.59,49581000.0
2017-09-01,XLE,233724200.0,63.6,66171000.0
2017-09-01,XLF,1014395427.0,24.79,43190000.0
2017-09-01,XLG,3850785.0,176.74,0.0
2017-09-01,XLI,170526000.0,68.52,68470000.0
2017-09-01,XLK,298055897.0,58.8,102935000.0
2017-09-01,XLP,149821809.0,54.96,35574500.0
2017-09-01,XLRE,74850000.0,32.92,0.0
2017-09-01,XLU,145674160.0,54.79,24732000.0
2017-09-01,XLV,215465324.0,81.24,24393000.0
2017-09-01,XLY,129953252.0,90.08,-80703000.0
2017-09-01,XM,50002.0,16.34,0.0
2017-09-01,XME,24400230.0,32.93,14589000.0
2017-09-01,XMLV,25450000.0,43.6,2176500.0
2017-09-01,XMPT,3550000.0,27.36,0.0
2017-09-01,XMX,3800004.0,27.7,0.0
2017-09-01,XOP,69900000.0,30.62,36204000.0
2017-09-01,XPH,10500270.0,42.89,0.0
2017-09-01,XPP,700000.0,75.16,0.0
2017-09-01,XRLV,4100001.0,31.15,0.0
2017-09-01,XRT,8700226.0,39.7,-15676000.0
2017-09-01,XS,50002.0,14.17,0.0
2017-09-01,XSD,4800000.0,64.34,0.0
2017-09-01,XSHD,350001.0,23.73,0.0
2017-09-01,XSHQ,50001.0,24.53,0.0
2017-09-01,XSLV,21650000.0,43.55,0.0
2017-09-01,XSOE,900000.0,29.41,0.0
2017-09-01,XSW,800000.0,64.85,0.0
2017-09-01,XT,37600000.0,33.63,0.0
2017-09-01,XTH,50000.0,74.16,0.0
2017-09-01,XTL,850000.0,70.84,-10554000.0
2017-09-01,XTN,3050000.0,56.99,0.0
2017-09-01,XU,50002.0,16.04,0.0
2017-09-01,XWEB,50000.0,71.06,0.0
2017-09-01,YANG,5677260.0,7.51,0.0
2017-09-01,YAO,800000.0,33.19,0.0
2017-09-01,YCL,99970.0,60.67,0.0
2017-09-01,YCS,1999290.0,71.32,0.0
2017-09-01,YDIV,650002.0,18.71,0.0
2017-09-01,YESR,50000.0,27.56,0.0
2017-09-01,YINN,6850013.0,29.77,0.0
2017-09-01,YLCO,1200000.0,12.61,0.0
2017-09-01,YLDE,100000.0,25.45,0.0
2017-09-01,YMLI,2000000.0,14.04,0.0
2017-09-01,YMLP,3019161.0,23.56,0.0
2017-09-01,YXI,300000.0,20.71,0.0
2017-09-01,YYY,9900000.0,19.65,0.0
2017-09-01,ZBIO,400001.0,10.23,0.0
2017-09-01,ZIV,2373000.0,72.31,1807750.0
2017-09-01,ZMLP,4150000.0,16.76,0.0
2017-09-01,ZROZ,1520000.0,119.07,0.0
2017-09-01,ZSL,566976.0,29.91,0.0
